ae_id,name,country,segment,email,languages,timezone,utc_offset_hours,active,out_of_office_until,backup_ae_id,open_accounts,max_open_accounts
ae_001,Patricia Sánchez,MX,mid_market,patricia.sanchez@clara-demo.example,"[""en""]",America/Mexico_City,-6,True,,ae_007,5,10
ae_002,Ximena Jiménez,CO,mid_market,ximena.jimenez@clara-demo.example,"[""en""]",America/Bogota,-5,True,,ae_008,0,10
ae_003,Isabela Carvalho,BR,enterprise,isabela.carvalho@clara-demo.example,"[""en""]",America/Sao_Paulo,-3,True,,ae_009,0,10
ae_004,Carlos Guerrero,CL,mid_market,carlos.guerrero@clara-demo.example,"[""en""]",America/Santiago,-3,True,,ae_010,0,10
ae_005,Luis Silva,AR,mid_market,luis.silva@clara-demo.example,"[""en""]",America/Argentina/Buenos_Aires,-3,True,2026-10-09T16:00:00Z,ae_023,1,10
ae_006,Nicolás Ponce,PE,enterprise,nicolas.ponce@clara-demo.example,"[""en""]",America/Lima,-5,True,,ae_012,1,10
ae_007,Laura Moreno,MX,mid_market,laura.moreno@clara-demo.example,"[""en""]",America/Mexico_City,-6,True,,ae_013,6,10
ae_008,Mauricio Aguilar,CO,mid_market,mauricio.aguilar@clara-demo.example,"[""en""]",America/Bogota,-5,True,,ae_014,1,10
ae_009,Lucas Rocha,BR,enterprise,lucas.rocha@clara-demo.example,"[""en""]",America/Sao_Paulo,-3,True,,ae_015,2,10
ae_010,Francisco Vargas,CL,mid_market,francisco.vargas@clara-demo.example,"[""en""]",America/Santiago,-3,True,,ae_016,0,10
ae_011,Laura Romero,AR,mid_market,laura.romero@clara-demo.example,"[""en""]",America/Argentina/Buenos_Aires,-3,False,,ae_023,1,10
ae_012,Carlos Martínez,PE,enterprise,carlos.martinez@clara-demo.example,"[""en""]",America/Lima,-5,True,,ae_018,0,10
ae_013,Esteban Valdés,MX,mid_market,esteban.valdes@clara-demo.example,"[""en""]",America/Mexico_City,-6,True,,ae_019,2,10
ae_014,Francisco Castro,CO,mid_market,francisco.castro@clara-demo.example,"[""en""]",America/Bogota,-5,True,,ae_020,2,10
ae_015,Eduardo Lima,BR,enterprise,eduardo.lima@clara-demo.example,"[""en""]",America/Sao_Paulo,-3,True,,ae_021,2,10
ae_016,César Ponce,CL,mid_market,cesar.ponce@clara-demo.example,"[""en""]",America/Santiago,-3,True,,ae_022,2,10
ae_017,Julián Zamora,AR,mid_market,julian.zamora@clara-demo.example,"[""en""]",America/Argentina/Buenos_Aires,-3,True,2026-10-16T16:00:00Z,ae_023,0,10
ae_018,Carolina Maldonado,PE,enterprise,carolina.maldonado@clara-demo.example,"[""en""]",America/Lima,-5,True,,ae_024,0,10
ae_019,Mariana Sánchez,MX,mid_market,mariana.sanchez@clara-demo.example,"[""en""]",America/Mexico_City,-6,True,,ae_025,5,10
ae_020,Andrés Ramos,CO,mid_market,andres.ramos@clara-demo.example,"[""en""]",America/Bogota,-5,True,,ae_026,0,10
ae_021,Isabela Pereira,BR,enterprise,isabela.pereira@clara-demo.example,"[""en""]",America/Sao_Paulo,-3,True,,ae_027,3,10
ae_022,Lorena Ortiz,CL,mid_market,lorena.ortiz@clara-demo.example,"[""en""]",America/Santiago,-3,True,,ae_028,0,10
ae_023,Jorge Montoya,AR,mid_market,jorge.montoya@clara-demo.example,"[""en""]",America/Argentina/Buenos_Aires,-3,True,,ae_035,1,10
ae_024,Emilio Castillo,PE,enterprise,emilio.castillo@clara-demo.example,"[""en""]",America/Lima,-5,True,,ae_030,1,10
ae_025,Nicolás Maldonado,MX,mid_market,nicolas.maldonado@clara-demo.example,"[""en""]",America/Mexico_City,-6,True,,ae_031,2,10
ae_026,Camila Contreras,CO,mid_market,camila.contreras@clara-demo.example,"[""en""]",America/Bogota,-5,True,,ae_032,3,10
ae_027,Gabriel Rocha,BR,enterprise,gabriel.rocha@clara-demo.example,"[""en""]",America/Sao_Paulo,-3,True,,ae_039,3,10
ae_028,Pilar Pérez,CL,mid_market,pilar.perez@clara-demo.example,"[""en""]",America/Santiago,-3,True,,ae_034,0,10
ae_029,Mónica Escobar,AR,mid_market,monica.escobar@clara-demo.example,"[""en""]",America/Argentina/Buenos_Aires,-3,False,,ae_035,0,10
ae_030,Lorena González,PE,enterprise,lorena.gonzalez@clara-demo.example,"[""en""]",America/Lima,-5,True,,ae_036,0,10
ae_031,Víctor Aguilar,MX,mid_market,victor.aguilar@clara-demo.example,"[""en""]",America/Mexico_City,-6,True,,ae_037,3,10
ae_032,César Castillo,CO,mid_market,cesar.castillo@clara-demo.example,"[""en""]",America/Bogota,-5,True,,ae_038,5,10
ae_033,Thiago Gomes,BR,enterprise,thiago.gomes@clara-demo.example,"[""en""]",America/Sao_Paulo,-3,True,2026-10-23T16:00:00Z,ae_039,2,10
ae_034,Valentina Mendoza,CL,mid_market,valentina.mendoza@clara-demo.example,"[""en""]",America/Santiago,-3,True,,ae_040,2,10
ae_035,Javier Castro,AR,mid_market,javier.castro@clara-demo.example,"[""en""]",America/Argentina/Buenos_Aires,-3,True,,ae_023,3,10
ae_036,Mónica Pineda,PE,enterprise,monica.pineda@clara-demo.example,"[""en""]",America/Lima,-5,True,,ae_006,0,10
ae_037,Diana Salazar,MX,mid_market,diana.salazar@clara-demo.example,"[""en""]",America/Mexico_City,-6,True,,ae_001,5,10
ae_038,Nicolás Lara,CO,mid_market,nicolas.lara@clara-demo.example,"[""en""]",America/Bogota,-5,True,,ae_002,0,10
ae_039,Felipe Carvalho,BR,enterprise,felipe.carvalho@clara-demo.example,"[""en""]",America/Sao_Paulo,-3,True,,ae_003,2,10
ae_040,Tomás Flores,CL,mid_market,tomas.flores@clara-demo.example,"[""en""]",America/Santiago,-3,True,,ae_004,0,10
