account_id,domain,arm,stratum,assignment_hash
acc_000001,tovi.br.example,treatment,BR|501-1000|T,d3d6c69628
acc_000002,mamar.cl.example,control,CL|501-1000|T,6829bdd465
acc_000003,sacen.mx.example,control,MX|11-50|T,60be83e77b
acc_000004,niixbuilders.mx.example,control,MX|201-500|T,366ed0f1d0
acc_000005,bacimedical.cl.example,control,CL|51-200|T,ad9a6b981a
acc_000006,cumin.br.example,control,BR|501-1000|T,131c42097a
acc_000007,culofarms.mx.example,control,MX|51-200|T,bffb9385d9
acc_000008,bavi.mx.example,control,MX|51-200|T,654b27a107
acc_000009,orulassociation.cl.example,treatment,CL|201-500|T,f5d4bd7ee2
acc_000010,cavi.ar.example,control,AR|51-200|T,52c81302fb
acc_000011,artatourism.mx.example,treatment,MX|51-200|T,490b07aeec
acc_000012,gipi.co.example,treatment,CO|51-200|T,be1046a5d9
acc_000013,yralohealth.ar.example,control,AR|201-500|T,0ef3098856
acc_000014,nimo.pe.example,control,PE|11-50|T,827416c887
acc_000015,nextorfarms.ar.example,treatment,AR|11-50|T,f7681ba9e4
acc_000016,alvi.pe.example,treatment,PE|51-200|T,db135b5857
acc_000017,trayra.pe.example,treatment,PE|51-200|T,db97dd6be0
acc_000018,kaba.mx.example,treatment,MX|1000+|T,e24be46f7e
acc_000019,foren.mx.example,treatment,MX|501-1000|T,0ddc99217f
acc_000020,panem.co.example,control,CO|501-1000|T,c47be14fdc
acc_000021,armar.ar.example,treatment,AR|201-500|T,80eff49252
acc_000022,ribelharvest.co.example,control,CO|11-50|T,fc8ca3947d
acc_000023,galdor.co.example,control,CO|501-1000|T,bbe920af29
acc_000024,torliseducation.cl.example,treatment,CL|51-200|T,13201fe360
acc_000025,jota.co.example,treatment,CO|11-50|T,94d74c64e0
acc_000026,minneclinic.br.example,treatment,BR|51-200|T,e87646b92f
acc_000027,riren.co.example,treatment,CO|51-200|T,574a219508
acc_000028,emmar.co.example,treatment,CO|1-10|T,b9b3a3e457
acc_000029,lunexagro.mx.example,treatment,MX|11-50|T,a4dea14da9
acc_000030,mogaltrading.mx.example,treatment,MX|501-1000|T,6903a35246
acc_000031,solmin.mx.example,treatment,MX|51-200|T,6c7c65f9d2
acc_000032,rentoracademy.pe.example,treatment,PE|11-50|T,9db0e8bcb2
acc_000033,marcenservices.br.example,treatment,BR|51-200|T,ac043e807e
acc_000034,macen.br.example,treatment,BR|51-200|T,502151fdef
acc_000035,nexdocargo.br.example,treatment,BR|51-200|T,6ea18ea12a
acc_000036,mersa.mx.example,treatment,MX|201-500|T,baf369481d
acc_000037,galba.br.example,treatment,BR|51-200|T,6416d1dc9c
acc_000038,lominmercantile.br.example,control,BR|11-50|T,6a810fc282
acc_000039,zuixmining.co.example,control,CO|51-200|T,eb83fb2c55
acc_000040,yrarenplastics.co.example,treatment,CO|51-200|T,eeebe01497
acc_000041,roro.co.example,control,CO|201-500|T,b3122b03ca
acc_000042,doni.co.example,control,CO|51-200|T,02e89d0bd3
acc_000043,merix.mx.example,treatment,MX|51-200|T,82ce0f8984
acc_000044,orcen.co.example,treatment,CO|51-200|T,d426adc6f7
acc_000045,traten.br.example,control,BR|201-500|T,f0b999bcbd
acc_000046,neper.br.example,control,BR|51-200|T,addc2387d0
acc_000047,tramarplastics.mx.example,control,MX|51-200|T,6f335ab5a7
acc_000048,luper.cl.example,treatment,CL|11-50|T,02077145ee
acc_000049,lisyraservices.ar.example,treatment,AR|11-50|T,7492d28f90
acc_000050,bazu.br.example,control,BR|51-200|T,a0b7a55257
acc_000051,belpisystems.br.example,control,BR|11-50|T,8007f2f76b
acc_000052,roixclinic.mx.example,control,MX|11-50|T,c6e94be20d
acc_000053,ixar.mx.example,control,MX|201-500|T,40be489de1
acc_000054,nifomanufacturing.co.example,treatment,CO|11-50|T,de3b6346c3
acc_000055,belmarbuilders.cl.example,control,CL|51-200|T,61484846c1
acc_000056,cenmin.co.example,treatment,CO|11-50|T,88d03c157b
acc_000057,cipermanufacturing.mx.example,treatment,MX|501-1000|T,9cc27fdedb
acc_000058,marvaindustries.br.example,control,BR|201-500|T,cd927e5c3d
acc_000059,orgal.ar.example,treatment,AR|501-1000|T,b36e242c09
acc_000060,arardigital.pe.example,control,PE|501-1000|T,ce47aef2aa
acc_000061,galix.mx.example,control,MX|51-200|T,4f1d48a41d
acc_000062,foqui.mx.example,treatment,MX|11-50|T,1129f91bbc
acc_000063,cenkagourmet.co.example,treatment,CO|11-50|T,c3a8ef3224
acc_000064,pertor.cl.example,control,CL|51-200|T,b91d46a1ac
acc_000065,armosystems.pe.example,control,PE|51-200|T,9f049997b8
acc_000066,maembuilders.mx.example,control,MX|501-1000|T,a1487cc345
acc_000067,soldotravel.mx.example,treatment,MX|51-200|T,85c8a507b8
acc_000068,kamo.mx.example,treatment,MX|201-500|T,63312cfbb2
acc_000069,girotech.co.example,control,CO|51-200|T,184b7cc099
acc_000070,torta.co.example,treatment,CO|11-50|T,9087a494c5
acc_000071,pika.co.example,treatment,CO|51-200|T,337e56c924
acc_000072,galemeducation.cl.example,treatment,CL|51-200|T,000323d54e
acc_000073,solyralogistics.cl.example,treatment,CL|11-50|T,2e00782085
acc_000074,cenyrafarms.mx.example,control,MX|51-200|T,7d0c106d86
acc_000075,fervergourmet.mx.example,control,MX|1-10|T,b069244345
acc_000076,yraqui.mx.example,treatment,MX|11-50|T,b4eebdd7ca
acc_000077,belem.co.example,treatment,CO|51-200|T,b12a8fc886
acc_000078,dojotrading.mx.example,treatment,MX|1-10|T,8acb394d24
acc_000079,arvi.pe.example,control,PE|11-50|T,aa01b30231
acc_000080,pansoldigital.cl.example,control,CL|11-50|T,48a16a46f3
acc_000081,momin.br.example,control,BR|11-50|T,c5a3d2a34f
acc_000082,nemo.br.example,treatment,BR|51-200|T,28beae3875
acc_000083,martra.br.example,control,BR|501-1000|T,81d2348747
acc_000084,merfer.br.example,treatment,BR|11-50|T,866bb63999
acc_000085,torenagro.mx.example,treatment,MX|201-500|T,b646c63f50
acc_000086,cuzu.cl.example,control,CL|51-200|T,f008cb2250
acc_000087,ulniretail.mx.example,control,MX|51-200|T,8abb4c2c3c
acc_000088,doka.ar.example,control,AR|11-50|T,7d799edaa6
acc_000089,traferbuilders.ar.example,control,AR|201-500|T,b1bb488e10
acc_000090,joten.br.example,treatment,BR|11-50|T,47e14830ae
acc_000091,zutordigital.mx.example,treatment,MX|51-200|T,bbd658e1b4
acc_000092,risaretail.co.example,treatment,CO|501-1000|T,a6a98bc510
acc_000093,pangal.mx.example,treatment,MX|11-50|T,3ae9d068d6
acc_000094,arix.ar.example,control,AR|11-50|T,11c91f938e
acc_000095,vilodigital.cl.example,control,CL|51-200|T,7790b85b3e
acc_000096,viminclinic.mx.example,control,MX|11-50|T,4b4774e418
acc_000097,vaar.ar.example,control,AR|11-50|T,9d74835dfe
acc_000098,bacen.mx.example,treatment,MX|11-50|T,483460128c
acc_000099,emfer.br.example,treatment,BR|51-200|T,30fba7d017
acc_000100,merperadvisors.ar.example,control,AR|1000+|T,e294d687a3
acc_000101,torva.cl.example,treatment,CL|501-1000|T,cb9e9c2888
acc_000102,luquiretail.co.example,treatment,CO|201-500|T,0683a7826f
acc_000103,martafreight.mx.example,treatment,MX|11-50|T,c8ff54db9f
acc_000104,luren.mx.example,control,MX|201-500|T,3ebeacd610
acc_000105,gicufoundation.co.example,treatment,CO|11-50|T,540fa503d2
acc_000106,peryramanufacturing.cl.example,treatment,CL|51-200|T,3b7519616b
acc_000107,nelocargo.cl.example,control,CL|51-200|T,a933abb43f
acc_000108,tenempetrochemicals.mx.example,control,MX|11-50|T,c1f66fd77a
acc_000109,arlomercantile.mx.example,control,MX|11-50|T,dd36030fe5
acc_000110,ferdo.co.example,control,CO|51-200|T,ce8873ee9d
acc_000111,rici.br.example,treatment,BR|51-200|T,c924478474
acc_000112,arlisclinic.cl.example,treatment,CL|201-500|T,226b8dde43
acc_000113,pido.br.example,treatment,BR|51-200|T,9a5b66061c
acc_000114,moqui.co.example,control,CO|1-10|T,dbfa2bb671
acc_000115,tavastudio.co.example,treatment,CO|51-200|T,61677f3dbc
acc_000116,joper.mx.example,treatment,MX|201-500|T,9ef2aaa733
acc_000117,perdorfarms.br.example,treatment,BR|1000+|T,8fd4fe8893
acc_000118,belor.pe.example,control,PE|501-1000|T,8407dad166
acc_000119,toquistudio.mx.example,control,MX|201-500|T,5f66376122
acc_000120,orulhealth.co.example,control,CO|51-200|T,642e50320a
acc_000121,perlis.co.example,control,CO|51-200|T,8e8f16bd8b
acc_000122,sagalfarms.mx.example,control,MX|11-50|T,f10099a1d4
acc_000123,ulca.co.example,control,CO|11-50|T,63fdba172c
acc_000124,galtor.cl.example,treatment,CL|11-50|T,f3ad76c918
acc_000125,tordohealth.br.example,treatment,BR|11-50|T,7edc4834b8
acc_000126,luzu.pe.example,treatment,PE|11-50|T,47580dbe86
acc_000127,baver.mx.example,control,MX|11-50|T,8f8907d68f
acc_000128,moca.ar.example,treatment,AR|51-200|T,e4246121bb
acc_000129,mogifoods.mx.example,control,MX|501-1000|T,80133efc8f
acc_000130,cimogourmet.ar.example,treatment,AR|11-50|T,2db097601b
acc_000131,panvimanufacturing.co.example,control,CO|51-200|T,a8aec3af73
acc_000132,dormar.co.example,control,CO|501-1000|T,57a1f44fb9
acc_000133,tato.br.example,treatment,BR|51-200|T,6c5e1fea39
acc_000134,kari.br.example,treatment,BR|51-200|T,9dcc44878f
acc_000135,viormanufacturing.co.example,control,CO|1-10|T,b065e16555
acc_000136,gitrahealth.co.example,control,CO|501-1000|T,8e2cc2b125
acc_000137,sagibeverages.mx.example,treatment,MX|51-200|T,837688fb5e
acc_000138,renzutech.mx.example,control,MX|NA|T,ad2469b59a
acc_000139,lumin.cl.example,treatment,CL|51-200|T,c3f83e5b9d
acc_000140,vasol.ar.example,control,AR|51-200|T,e2e2fd9703
acc_000141,giba.mx.example,control,MX|1-10|T,2b0019a7c1
acc_000142,verem.co.example,treatment,CO|51-200|T,8f60c14780
acc_000143,emqui.br.example,control,BR|201-500|T,79d43b1ab3
acc_000144,zucen.co.example,treatment,CO|501-1000|T,a7e37db2ca
acc_000145,marem.mx.example,control,MX|51-200|T,0d9a5e020b
acc_000146,vilodigital.co.example,treatment,CO|11-50|T,169e459425
acc_000147,kacenmining.co.example,treatment,CO|51-200|T,38a4263b69
acc_000148,bafer.ar.example,treatment,AR|51-200|T,ba91c4798f
acc_000149,bellis.br.example,control,BR|11-50|T,7429ab8463
acc_000150,negiinstitute.co.example,control,CO|51-200|T,430c2c6289
acc_000151,gicihealth.co.example,control,CO|51-200|T,1a56059bfd
acc_000152,pivi.co.example,treatment,CO|501-1000|T,dcceddd7b6
acc_000153,joqui.br.example,control,BR|51-200|T,54c67a32e6
acc_000154,empanfoods.pe.example,treatment,PE|51-200|T,630198eb7e
acc_000155,citra.mx.example,treatment,MX|501-1000|T,d51d3751b9
acc_000156,arnex.ar.example,control,AR|201-500|T,868aab9d4c
acc_000157,vatahotels.br.example,treatment,BR|501-1000|T,24e61fc45f
acc_000158,yrapaninstitute.co.example,control,CO|51-200|T,4dba0a44bf
acc_000159,mador.br.example,treatment,BR|51-200|T,2f10821514
acc_000160,zumingourmet.mx.example,treatment,MX|11-50|T,dab0abf9ed
acc_000161,arpimanufacturing.co.example,control,CO|201-500|T,d000a76f4f
acc_000162,mincenhealth.pe.example,treatment,PE|51-200|T,4110c7f548
acc_000163,margiagro.mx.example,control,MX|201-500|T,04d3f82b5e
acc_000164,perultourism.br.example,control,BR|11-50|T,b90a77ecfa
acc_000165,vacenmedical.mx.example,control,MX|201-500|T,92edc28a77
acc_000166,perbel.ar.example,control,AR|51-200|T,314138d83d
acc_000167,rensolretail.br.example,control,BR|11-50|T,33f9a21912
acc_000168,yragal.mx.example,control,MX|501-1000|T,4b4eb4c6d9
acc_000169,belor.br.example,treatment,BR|201-500|T,c64c2ed321
acc_000170,ordoindustries.co.example,treatment,CO|11-50|T,8a959ceecf
acc_000171,sabastudio.br.example,control,BR|201-500|T,b4f8ae7cae
acc_000172,mosa.mx.example,treatment,MX|1-10|T,671cf2e611
acc_000173,mamafreight.co.example,control,CO|51-200|T,dd7cba5380
acc_000174,solpansystems.pe.example,control,PE|51-200|T,7c147ccbee
acc_000175,maniretail.mx.example,control,MX|51-200|T,c9a49e6423
acc_000176,nexcen.mx.example,control,MX|51-200|T,c55b5fe77b
acc_000177,ixem.cl.example,control,CL|201-500|T,49b251ea57
acc_000178,nexci.co.example,control,CO|11-50|T,1ddbadcee0
acc_000179,pilu.br.example,treatment,BR|201-500|T,4773282846
acc_000180,traarbuilders.br.example,control,BR|51-200|T,f99b0f3d10
acc_000181,dorvisystems.ar.example,control,AR|11-50|T,ed7b1f6e1d
acc_000182,netor.ar.example,treatment,AR|11-50|T,71234ad628
acc_000183,ciferfoods.mx.example,treatment,MX|501-1000|T,2b9dc4f1b8
acc_000184,alci.co.example,control,CO|201-500|T,e62092375f
acc_000185,nexlu.br.example,control,BR|11-50|T,61592deebd
acc_000186,doma.mx.example,control,MX|501-1000|T,ea87ed42b8
acc_000187,locu.mx.example,control,MX|11-50|T,79a6e2db9e
acc_000188,sato.br.example,control,BR|51-200|T,389e1d3bea
acc_000189,galvastudio.co.example,control,CO|11-50|T,40e4557167
acc_000190,emneacademy.pe.example,control,PE|51-200|T,6f669a903a
acc_000191,gima.cl.example,control,CL|501-1000|T,3c437e2021
acc_000192,sollo.mx.example,treatment,MX|51-200|T,69145088b1
acc_000193,emal.mx.example,treatment,MX|51-200|T,b25b337303
acc_000194,torjo.br.example,treatment,BR|501-1000|T,1b6fd34255
acc_000195,mabel.mx.example,control,MX|51-200|T,d2f3b4b92a
acc_000196,cito.mx.example,treatment,MX|51-200|T,86070df89d
acc_000197,torlotravel.cl.example,treatment,CL|11-50|T,fc792f6239
acc_000198,cuulmanufacturing.co.example,treatment,CO|11-50|T,53c559e7b2
acc_000199,nexverbuilders.co.example,treatment,CO|11-50|T,a99c50aee8
acc_000200,quiqui.br.example,control,BR|11-50|T,d5bbd414d4
acc_000201,arni.co.example,control,CO|1-10|T,03af7b0811
acc_000202,pannex.co.example,control,CO|11-50|T,97c5c565f5
acc_000203,belciacademy.mx.example,treatment,MX|51-200|T,1510166e54
acc_000204,rodo.co.example,treatment,CO|11-50|T,07465fd79f
acc_000205,dorpermanufacturing.ar.example,treatment,AR|11-50|T,b983d9801a
acc_000206,altra.cl.example,treatment,CL|51-200|T,ef361dde0b
acc_000207,joni.mx.example,control,MX|501-1000|T,b31ce0261e
acc_000208,ninexadvisors.br.example,treatment,BR|11-50|T,a9ad29303a
acc_000209,cimerenergy.mx.example,treatment,MX|51-200|T,a7a7371c23
acc_000210,kaba.mx.example,treatment,MX|1000+|T,e24be46f7e
acc_000211,minsoldevelopments.mx.example,treatment,MX|51-200|T,c1ff6bfead
acc_000212,emren.br.example,control,BR|11-50|T,2263f0ca05
acc_000213,liscenbeverages.br.example,control,BR|201-500|T,497de10241
acc_000214,quiem.mx.example,treatment,MX|11-50|T,263fd6b705
acc_000215,tenmarfarms.co.example,control,CO|51-200|T,dd3cb9a80a
acc_000216,tato.co.example,treatment,CO|1000+|T,b5d5d052b5
acc_000217,torarpetrochemicals.mx.example,control,MX|501-1000|T,7d4911f11f
acc_000218,solci.cl.example,control,CL|201-500|T,5b5a716ffa
acc_000219,ciul.mx.example,treatment,MX|11-50|T,553960700e
acc_000220,tenfer.mx.example,treatment,MX|51-200|T,7b8ae066c3
acc_000221,pilo.co.example,treatment,CO|501-1000|T,0274ddac1f
acc_000222,renva.mx.example,treatment,MX|51-200|T,2e46d31cc2
acc_000223,tensastudio.co.example,control,CO|1000+|T,201284c90d
acc_000224,nidofoundation.ar.example,treatment,AR|51-200|T,e7857e7c99
acc_000225,cenalgourmet.cl.example,control,CL|1000+|T,70ff9113f6
acc_000226,verroplastics.co.example,treatment,CO|51-200|T,db55bc49f8
acc_000227,quinexmarketing.br.example,control,BR|51-200|T,036afa9e50
acc_000228,alor.co.example,treatment,CO|11-50|T,f99f2eb0c6
acc_000229,mapan.co.example,treatment,CO|51-200|T,b15d287552
acc_000230,alpi.cl.example,treatment,CL|51-200|T,edb05014f6
acc_000231,emnexagro.mx.example,control,MX|201-500|T,d5df02b1a6
acc_000232,zuperfreight.br.example,control,BR|11-50|T,aee132306a
acc_000233,solci.br.example,control,BR|501-1000|T,bac4c7ee22
acc_000234,piorrealty.co.example,control,CO|51-200|T,4c8f32253c
acc_000235,momarlogistics.pe.example,treatment,PE|501-1000|T,4116504eb5
acc_000236,argiinstitute.br.example,treatment,BR|1-10|T,e2db0f8a54
acc_000237,doro.br.example,control,BR|51-200|T,ff321571e9
acc_000238,renferindustries.ar.example,treatment,AR|11-50|T,e128846452
acc_000239,dorsafarms.mx.example,control,MX|51-200|T,bb3c988d22
acc_000240,dorkabeverages.co.example,control,CO|11-50|T,302ce9e2f3
acc_000241,mocenhealth.co.example,treatment,CO|501-1000|T,7af461dd11
acc_000242,centohealth.ar.example,control,AR|201-500|T,43cfac7fcc
acc_000243,zualindustries.cl.example,control,CL|201-500|T,1ec3001e46
acc_000244,quimomanufacturing.br.example,treatment,BR|201-500|T,1ad37908c4
acc_000245,emtengourmet.mx.example,control,MX|201-500|T,6fe20ae875
acc_000246,dormarenergy.mx.example,control,MX|51-200|T,018937bd36
acc_000247,dorsasecretariat.mx.example,control,MX|201-500|T,09e0dc738b
acc_000248,rivi.co.example,control,CO|11-50|T,5424093f69
acc_000249,alar.mx.example,treatment,MX|11-50|T,b6394872aa
acc_000250,galmarmanufacturing.mx.example,treatment,MX|51-200|T,1d3a4b250e
acc_000251,satradevelopments.mx.example,treatment,MX|11-50|T,051ab9467d
acc_000252,kaviconsulting.co.example,control,CO|11-50|T,509a734e07
acc_000253,cencenmanufacturing.br.example,treatment,BR|11-50|T,812c624107
acc_000254,kafoclinic.mx.example,control,MX|201-500|T,e56df2921f
acc_000255,marix.br.example,treatment,BR|51-200|T,daebdd85ae
acc_000256,aldofreight.co.example,treatment,CO|11-50|T,7e0289c4a9
acc_000257,giquimercantile.co.example,treatment,CO|51-200|T,5d3ee8302f
acc_000258,cajo.mx.example,control,MX|201-500|T,99cb98b063
acc_000259,arrenfreight.br.example,treatment,BR|11-50|T,6ca0a1ca31
acc_000260,nexper.mx.example,control,MX|501-1000|T,cd99718491
acc_000261,ciminlogistics.ar.example,treatment,AR|201-500|T,5c04df9fca
acc_000262,vijodigital.ar.example,treatment,AR|201-500|T,dfdb7f3811
acc_000263,permaeducation.pe.example,control,PE|51-200|T,c3b443ce02
acc_000264,quitorhealth.co.example,control,CO|11-50|T,7b2de8e36b
acc_000265,pidorgourmet.br.example,treatment,BR|11-50|T,1cf0c8d560
acc_000266,marbaadvisors.mx.example,control,MX|501-1000|T,f2784b1597
acc_000267,yraarhealth.ar.example,control,AR|201-500|T,872010e3ed
acc_000268,emar.ar.example,treatment,AR|11-50|T,e6cfa1a733
acc_000269,renlis.mx.example,control,MX|11-50|T,5026cc1efd
acc_000270,panfo.br.example,control,BR|501-1000|T,022d83f041
acc_000271,mocumedical.ar.example,treatment,AR|51-200|T,ed9d0d08d7
acc_000272,moyra.mx.example,control,MX|51-200|T,073f5a5648
acc_000273,cucufreight.mx.example,treatment,MX|201-500|T,83574d3533
acc_000274,fervi.mx.example,control,MX|11-50|T,f7d4e02abe
acc_000275,solnex.mx.example,control,MX|51-200|T,d90777e89a
acc_000276,baix.co.example,control,CO|11-50|T,8a3050fb6d
acc_000277,mojo.mx.example,treatment,MX|51-200|T,9ffb702087
acc_000278,vergalbuilders.cl.example,treatment,CL|11-50|T,f9bbd140cf
acc_000279,batra.co.example,control,CO|51-200|T,bf76a789bf
acc_000280,viforealty.mx.example,treatment,MX|11-50|T,07c53c5163
acc_000281,belpandigital.mx.example,control,MX|51-200|T,92147e222b
acc_000282,solgal.br.example,control,BR|51-200|T,f75121e481
acc_000283,panro.mx.example,control,MX|51-200|T,d8c68160e6
acc_000284,arsa.mx.example,treatment,MX|11-50|T,72e6d57ffe
acc_000285,panni.mx.example,treatment,MX|51-200|T,c3ede91c8b
acc_000286,mintradevelopments.br.example,treatment,BR|201-500|T,477418e820
acc_000287,taka.mx.example,treatment,MX|11-50|T,1415290553
acc_000288,zutor.br.example,control,BR|201-500|T,dbd2c11582
acc_000289,lismotech.ar.example,control,AR|51-200|T,ff39e45c41
acc_000290,ulmerpetrochemicals.cl.example,control,CL|11-50|T,9a9d5f49dd
acc_000291,tari.mx.example,treatment,MX|11-50|T,445f7a4539
acc_000292,pancicargo.mx.example,treatment,MX|51-200|T,a258899177
acc_000293,panniconsulting.br.example,treatment,BR|201-500|T,3fe8450fad
acc_000294,tenper.mx.example,treatment,MX|11-50|T,3b53044a12
acc_000295,galro.mx.example,control,MX|201-500|T,4327f8cb3e
acc_000296,martenbeverages.co.example,treatment,CO|51-200|T,0ab5e29e80
acc_000297,tatoindustries.co.example,treatment,CO|1-10|T,521e8ba5c6
acc_000298,perniclinic.mx.example,treatment,MX|11-50|T,b6a4239d25
acc_000299,fofertech.ar.example,control,AR|51-200|T,269744ca82
acc_000300,galbelfoundation.mx.example,treatment,MX|11-50|T,5944315411
acc_000301,giva.mx.example,treatment,MX|11-50|T,9e4e769d16
acc_000302,fermin.mx.example,control,MX|11-50|T,e3e312b970
acc_000303,quiverhealth.ar.example,control,AR|51-200|T,03f83033fc
acc_000304,rocifoods.ar.example,control,AR|501-1000|T,23b9e65b7f
acc_000305,cenca.mx.example,treatment,MX|51-200|T,e624ecc485
acc_000306,altor.mx.example,control,MX|501-1000|T,212a402843
acc_000307,piquibeverages.co.example,control,CO|51-200|T,90df3adf99
acc_000308,quisa.br.example,treatment,BR|51-200|T,8a2f19d587
acc_000309,ulgalsystems.mx.example,treatment,MX|51-200|T,a30b3415d7
acc_000310,arqui.mx.example,treatment,MX|51-200|T,122f9832d1
acc_000311,mincafarms.ar.example,control,AR|11-50|T,0e6b6218de
acc_000312,samacargo.mx.example,control,MX|11-50|T,e19866be97
acc_000313,roemdigital.mx.example,treatment,MX|51-200|T,6378605756
acc_000314,zudor.co.example,treatment,CO|201-500|T,555a72cbaa
acc_000315,toorsystems.co.example,control,CO|11-50|T,04bcc48901
acc_000316,nextoclinic.mx.example,treatment,MX|201-500|T,e61d2c5110
acc_000317,moca.co.example,control,CO|11-50|T,d8c7e3c63c
acc_000318,maixsystems.ar.example,treatment,AR|501-1000|T,6a45a10a3c
acc_000319,lulosystems.br.example,control,BR|51-200|T,55d4993e92
acc_000320,doriharvest.cl.example,control,CL|201-500|T,99963fbbce
acc_000321,ixpansystems.mx.example,control,MX|51-200|T,80d9bf6fc0
acc_000322,balisservices.mx.example,control,MX|11-50|T,716e3424af
acc_000323,piorrealty.co.example,control,CO|51-200|T,4c8f32253c
acc_000324,dorbastudio.br.example,control,BR|51-200|T,076e4856f3
acc_000325,allu.mx.example,treatment,MX|11-50|T,b56c19fef9
acc_000326,giferharvest.mx.example,treatment,MX|51-200|T,ce75de88a7
acc_000327,fosahotels.mx.example,treatment,MX|201-500|T,d309d8962c
acc_000328,cumahealth.mx.example,control,MX|201-500|T,edf7aaf697
acc_000329,torcenenergy.mx.example,control,MX|51-200|T,21629b7e16
acc_000330,ixba.ar.example,treatment,AR|51-200|T,eabd13aa4d
acc_000331,nexper.mx.example,control,MX|501-1000|T,cd99718491
acc_000332,vernesystems.mx.example,treatment,MX|51-200|T,5eeb797291
acc_000333,tofer.co.example,control,CO|51-200|T,8b1e463a04
acc_000334,nigalfreight.co.example,treatment,CO|51-200|T,548479c315
acc_000335,meror.co.example,treatment,CO|201-500|T,e286c6c9fc
acc_000336,kaulmanufacturing.co.example,control,CO|501-1000|T,25b6611e29
acc_000337,balu.mx.example,treatment,MX|11-50|T,003a8868e6
acc_000338,roul.co.example,control,CO|51-200|T,d6a8e077ec
acc_000339,marlis.br.example,control,BR|51-200|T,6f587aa738
acc_000340,cuca.br.example,control,BR|501-1000|T,106db0103b
acc_000341,zupibuilders.mx.example,control,MX|11-50|T,340e5dbbfb
acc_000342,renixmanufacturing.ar.example,control,AR|11-50|T,51bd598313
acc_000343,zulis.mx.example,treatment,MX|201-500|T,3193f68f5d
acc_000344,lover.mx.example,treatment,MX|201-500|T,78bd697adf
acc_000345,lucaplastics.mx.example,control,MX|11-50|T,591ffbdd51
acc_000346,ciix.co.example,treatment,CO|501-1000|T,7a435cc101
acc_000347,vacahealth.co.example,treatment,CO|51-200|T,60ccdafd66
acc_000348,nexpiagro.br.example,control,BR|51-200|T,e2fd9b991d
acc_000349,martramedical.mx.example,control,MX|51-200|T,c5c0d14efb
acc_000350,joemmining.ar.example,control,AR|11-50|T,cf68c33cd3
acc_000351,torri.mx.example,control,MX|51-200|T,de01edab5e
acc_000352,tominfreight.br.example,control,BR|1000+|T,a73720cfe8
acc_000353,nexnifreight.br.example,control,BR|201-500|T,393a455757
acc_000354,ricuplastics.br.example,treatment,BR|11-50|T,f43be1dea4
acc_000355,nigigourmet.pe.example,treatment,PE|11-50|T,58726bf9ba
acc_000356,sollisgourmet.mx.example,control,MX|51-200|T,db326aec3d
acc_000357,neix.co.example,treatment,CO|201-500|T,d58e948a8b
acc_000358,galmarmedia.mx.example,treatment,MX|501-1000|T,0859348c83
acc_000359,emmotrading.mx.example,control,MX|51-200|T,e986fe25d8
acc_000360,yravitech.mx.example,control,MX|11-50|T,9db588908a
acc_000361,renbeltrading.br.example,treatment,BR|51-200|T,6133da62a4
acc_000362,verva.mx.example,control,MX|51-200|T,42967caf46
acc_000363,ulsolsystems.br.example,control,BR|51-200|T,95db0d1c35
acc_000364,culu.pe.example,control,PE|51-200|T,393ea6773a
acc_000365,alca.ar.example,control,AR|501-1000|T,231130a2ab
acc_000366,sava.co.example,control,CO|51-200|T,d5bd67bdf8
acc_000367,gibeltrading.pe.example,control,PE|201-500|T,ddbac28d00
acc_000368,pando.mx.example,control,MX|51-200|T,42240738a8
acc_000369,minta.co.example,control,CO|11-50|T,dde811c545
acc_000370,sani.cl.example,control,CL|11-50|T,63633accfd
acc_000371,moma.co.example,control,CO|11-50|T,0d573fde5d
acc_000372,nebabeverages.br.example,treatment,BR|501-1000|T,6256610660
acc_000373,neixservices.mx.example,control,MX|11-50|T,cb9a1a15ac
acc_000374,nexto.mx.example,control,MX|51-200|T,5a1e457e76
acc_000375,lojo.co.example,control,CO|201-500|T,eaa7a50d30
acc_000376,kaoradvisors.cl.example,control,CL|11-50|T,211db81b46
acc_000377,moverfarms.mx.example,treatment,MX|11-50|T,91afdb9203
acc_000378,panmer.mx.example,treatment,MX|51-200|T,50f9dae042
acc_000379,galix.mx.example,control,MX|51-200|T,4f1d48a41d
acc_000380,cici.co.example,control,CO|201-500|T,302a6df752
acc_000381,jone.br.example,control,BR|201-500|T,69de10fd5b
acc_000382,cacu.mx.example,control,MX|51-200|T,b89ce7fad3
acc_000383,perpantravel.br.example,treatment,BR|51-200|T,22bc7bc7f2
acc_000384,ixmar.co.example,control,CO|11-50|T,ca6e5666ea
acc_000385,katoconsulting.br.example,control,BR|501-1000|T,54d8e2a497
acc_000386,trataclinic.co.example,treatment,CO|1-10|T,6b4c35427a
acc_000387,doci.ar.example,control,AR|11-50|T,3ff409f21c
acc_000388,joba.br.example,control,BR|51-200|T,35f172a0aa
acc_000389,mocenhealth.co.example,treatment,CO|501-1000|T,7af461dd11
acc_000390,yramin.co.example,control,CO|501-1000|T,3da267555e
acc_000391,basol.br.example,treatment,BR|1-10|T,41ef2f55d7
acc_000392,sava.br.example,treatment,BR|201-500|T,84e15103b1
acc_000393,rorotrading.mx.example,control,MX|11-50|T,ebc4a9fc6e
acc_000394,variagro.br.example,treatment,BR|11-50|T,05ba16f763
acc_000395,ixfer.co.example,treatment,CO|201-500|T,7d4b75a328
acc_000396,kafermercantile.br.example,control,BR|51-200|T,d5252bc1e4
acc_000397,capanharvest.cl.example,treatment,CL|11-50|T,77b136bb1c
acc_000398,joix.br.example,treatment,BR|51-200|T,4af21f84f6
acc_000399,marma.co.example,control,CO|11-50|T,0abe930b45
acc_000400,marfotech.pe.example,treatment,PE|51-200|T,e32add9b5e
acc_000401,feryrafarms.br.example,control,BR|11-50|T,b44e5cca64
acc_000402,mingalservices.br.example,treatment,BR|51-200|T,86d730c433
acc_000403,bacifarms.br.example,control,BR|11-50|T,b6a02e9aca
acc_000404,quinieducation.cl.example,control,CL|11-50|T,b396f73b82
acc_000405,cicitravel.mx.example,control,MX|201-500|T,8f1f95ffce
acc_000406,cial.pe.example,control,PE|51-200|T,258500e390
acc_000407,cujo.mx.example,treatment,MX|51-200|T,01039e1858
acc_000408,saver.br.example,treatment,BR|11-50|T,87a70a1f17
acc_000409,lumer.cl.example,control,CL|11-50|T,1c129bd022
acc_000410,dofo.br.example,treatment,BR|201-500|T,615a1196a1
acc_000411,nexma.mx.example,control,MX|11-50|T,4b4a11268f
acc_000412,belsol.pe.example,control,PE|201-500|T,2b10611055
acc_000413,tormar.pe.example,treatment,PE|51-200|T,db2d62352f
acc_000414,rifo.br.example,control,BR|51-200|T,de9ab3d3a4
acc_000415,tenpaninstitute.mx.example,treatment,MX|51-200|T,cf0caee4ba
acc_000416,lisrimercantile.mx.example,control,MX|11-50|T,d9591b8cbc
acc_000417,samobuilders.ar.example,control,AR|11-50|T,8a205972a7
acc_000418,cenver.br.example,treatment,BR|51-200|T,3359bffd65
acc_000419,riorfreight.ar.example,treatment,AR|201-500|T,7f5dfd9e11
acc_000420,lisdoragro.mx.example,treatment,MX|201-500|T,cd8ea4696a
acc_000421,doar.br.example,control,BR|1-10|T,1cf72612d5
acc_000422,perem.mx.example,treatment,MX|201-500|T,4a70af1c65
acc_000423,lumatech.br.example,control,BR|51-200|T,ac23ae3e9e
acc_000424,saarmarketing.br.example,treatment,BR|11-50|T,351357812d
acc_000425,niba.mx.example,control,MX|1-10|T,109ff38b1f
acc_000426,luvitech.ar.example,treatment,AR|11-50|T,b9d0d31ae6
acc_000427,bapantrading.cl.example,treatment,CL|201-500|T,3e81029767
acc_000428,cencen.mx.example,control,MX|51-200|T,0a62d6b80f
acc_000429,kaixadvisors.mx.example,treatment,MX|51-200|T,fab348a8d0
acc_000430,rini.mx.example,control,MX|11-50|T,a9051deeca
acc_000431,minnex.co.example,treatment,CO|11-50|T,842e15b701
acc_000432,fopi.mx.example,treatment,MX|11-50|T,43db11784d
acc_000433,alpirealty.co.example,treatment,CO|11-50|T,ffed74692a
acc_000434,ixzubeverages.co.example,control,CO|11-50|T,e8293670e3
acc_000435,mover.br.example,control,BR|51-200|T,97903a68bd
acc_000436,emtra.cl.example,control,CL|51-200|T,0a60e46c4d
acc_000437,viverhealth.mx.example,treatment,MX|501-1000|T,4d72f106f7
acc_000438,verkamanufacturing.br.example,treatment,BR|11-50|T,ea896e19b2
acc_000439,samotech.br.example,control,BR|51-200|T,37659f0ae5
acc_000440,solorharvest.br.example,control,BR|51-200|T,e44fd4eea9
acc_000441,tenqui.br.example,control,BR|11-50|T,f12bd21688
acc_000442,lunexlogistics.co.example,treatment,CO|11-50|T,675bff2439
acc_000443,vernecargo.mx.example,treatment,MX|201-500|T,3d4667d5b2
acc_000444,quidoservices.br.example,control,BR|1-10|T,1fd9e5e2b1
acc_000445,baten.co.example,treatment,CO|11-50|T,f186f0d5be
acc_000446,pidoretail.mx.example,control,MX|11-50|T,b72ab9bf84
acc_000447,cenquibuilders.br.example,treatment,BR|51-200|T,223f931eda
acc_000448,ricuhotels.mx.example,control,MX|11-50|T,5cc259b649
acc_000449,ixtormedia.mx.example,treatment,MX|201-500|T,2eca387f06
acc_000450,yratra.mx.example,control,MX|201-500|T,0dd2174059
acc_000451,cenmaservices.mx.example,control,MX|11-50|T,44586f9047
acc_000452,ulsolsystems.br.example,control,BR|51-200|T,95db0d1c35
acc_000453,toemdigital.mx.example,treatment,MX|11-50|T,ba2f2a935c
acc_000454,ferbelgourmet.pe.example,treatment,PE|201-500|T,2946415522
acc_000455,saferindustries.co.example,control,CO|501-1000|T,201d0b1dbf
acc_000456,solnexdigital.co.example,treatment,CO|501-1000|T,2041e55d56
acc_000457,cimogourmet.ar.example,treatment,AR|11-50|T,2db097601b
acc_000458,tapan.mx.example,control,MX|51-200|T,5a00176088
acc_000459,centormedical.cl.example,control,CL|NA|T,18ca86596c
acc_000460,mazu.mx.example,control,MX|1000+|T,42eb9321f3
acc_000461,zuma.co.example,treatment,CO|11-50|T,c2e6cf304b
acc_000462,mofo.co.example,treatment,CO|51-200|T,acf8888f13
acc_000463,ulmarclinic.ar.example,treatment,AR|51-200|T,ac9f59ba52
acc_000464,verni.mx.example,control,MX|11-50|T,e51798a164
acc_000465,nexluhealth.co.example,treatment,CO|51-200|T,5e1d85377d
acc_000466,giferharvest.mx.example,treatment,MX|51-200|T,ce75de88a7
acc_000467,doten.mx.example,treatment,MX|11-50|T,43a835177b
acc_000468,dortra.mx.example,control,MX|51-200|T,7e0f224452
acc_000469,nezu.mx.example,control,MX|51-200|T,7e88d4ece6
acc_000470,tonexbeverages.co.example,treatment,CO|51-200|T,09743720af
acc_000471,panver.co.example,treatment,CO|51-200|T,8d65595611
acc_000472,luta.co.example,control,CO|11-50|T,8a73e47c7a
acc_000473,gicen.mx.example,control,MX|51-200|T,20d4f4c36e
acc_000474,fersamedical.br.example,treatment,BR|501-1000|T,820891c252
acc_000475,malo.br.example,control,BR|51-200|T,90ad6a4dd9
acc_000476,moyraindustries.mx.example,treatment,MX|51-200|T,4ed98ca016
acc_000477,pandor.pe.example,control,PE|11-50|T,e7bd912bb2
acc_000478,cutra.br.example,treatment,BR|51-200|T,cb1672e85c
acc_000479,tozu.cl.example,treatment,CL|201-500|T,2c6419f880
acc_000480,alpirealty.co.example,treatment,CO|11-50|T,ffed74692a
acc_000481,soldomanufacturing.co.example,treatment,CO|11-50|T,469cbd8dec
acc_000482,domer.co.example,control,CO|11-50|T,1522b79e09
acc_000483,liszucargo.pe.example,control,PE|1000+|T,e6049d190b
acc_000484,merci.mx.example,treatment,MX|501-1000|T,d03d2ce15d
acc_000485,dormin.mx.example,control,MX|11-50|T,fb177d8d60
acc_000486,magibeverages.mx.example,treatment,MX|51-200|T,9cade204c2
acc_000487,ordor.br.example,treatment,BR|11-50|T,d76379f469
acc_000488,minnexclinic.pe.example,treatment,PE|1000+|T,fd109d2799
acc_000489,vayratech.mx.example,control,MX|1000+|T,44fd0dad11
acc_000490,batratrading.mx.example,treatment,MX|51-200|T,2adff2cf5c
acc_000491,bapandigital.mx.example,control,MX|51-200|T,1111d5d506
acc_000492,motorgourmet.mx.example,treatment,MX|51-200|T,91f0bde3f4
acc_000493,giri.mx.example,treatment,MX|11-50|T,b6e1f22161
acc_000494,emquitrading.mx.example,treatment,MX|201-500|T,0eb51609df
acc_000495,arver.mx.example,control,MX|51-200|T,d01cb983d7
acc_000496,orsabeverages.mx.example,treatment,MX|51-200|T,5d020f2b73
acc_000497,solnexdigital.co.example,treatment,CO|501-1000|T,2041e55d56
acc_000498,perci.cl.example,treatment,CL|51-200|T,287d5a9478
acc_000499,pergisystems.co.example,control,CO|51-200|T,7563d14f2e
acc_000500,cudor.co.example,control,CO|51-200|T,fcbd94a684
