account_id,arm,eligible,contacted,violation,delivered,replied,positive_reply,sql,opportunity,pipeline_usd,unsubscribed,complaint,hard_bounce,hours_to_first_touch,sdr_minutes,simulated
acc_000001,treatment,False,False,False,False,False,False,False,False,0,False,False,False,,0.0,True
acc_000002,control,True,False,False,False,False,False,False,False,0,False,False,False,,0.0,True
acc_000003,control,False,False,False,False,False,False,False,False,0,False,False,False,,0.0,True
acc_000004,control,False,False,False,False,False,False,False,False,0,False,False,False,,0.0,True
acc_000005,control,False,False,False,False,False,False,False,False,0,False,False,False,,0.0,True
acc_000006,control,True,True,False,True,False,False,False,False,0,False,False,False,117.1,18.0,True
acc_000007,control,False,False,False,False,False,False,False,False,0,False,False,False,,0.0,True
acc_000008,control,True,True,False,True,False,False,False,False,0,False,False,False,107.9,18.0,True
acc_000009,treatment,False,False,False,False,False,False,False,False,0,False,False,False,,0.0,True
acc_000010,control,True,False,False,False,False,False,False,False,0,False,False,False,,0.0,True
acc_000011,treatment,True,True,False,True,False,False,False,False,0,False,False,False,0.4,1.5,True
acc_000012,treatment,False,False,False,False,False,False,False,False,0,False,False,False,,0.0,True
acc_000013,control,False,False,False,False,False,False,False,False,0,False,False,False,,0.0,True
acc_000014,control,False,False,False,False,False,False,False,False,0,False,False,False,,0.0,True
acc_000015,treatment,False,False,False,False,False,False,False,False,0,False,False,False,,0.0,True
acc_000016,treatment,False,False,False,False,False,False,False,False,0,False,False,False,,0.0,True
acc_000017,treatment,False,False,False,False,False,False,False,False,0,False,False,False,,0.0,True
acc_000018,treatment,False,False,False,False,False,False,False,False,0,False,False,False,,0.0,True
acc_000019,treatment,True,True,False,True,False,False,False,False,0,False,False,False,2.2,1.5,True
acc_000020,control,False,False,False,False,False,False,False,False,0,False,False,False,,0.0,True
acc_000021,treatment,False,False,False,False,False,False,False,False,0,False,False,False,,0.0,True
acc_000022,control,True,True,False,True,False,False,False,False,0,False,False,False,48.8,18.0,True
acc_000023,control,True,False,False,False,False,False,False,False,0,False,False,False,,0.0,True
acc_000024,treatment,False,False,False,False,False,False,False,False,0,False,False,False,,0.0,True
acc_000025,treatment,True,True,False,True,False,False,False,False,0,False,False,False,4.2,1.5,True
acc_000026,treatment,False,False,False,False,False,False,False,False,0,False,False,False,,0.0,True
acc_000027,treatment,True,True,False,True,False,False,False,False,0,False,False,False,1.5,1.5,True
acc_000028,treatment,False,False,False,False,False,False,False,False,0,False,False,False,,0.0,True
acc_000029,treatment,True,True,False,True,False,False,False,False,0,False,False,False,2.9,1.5,True
acc_000030,treatment,True,True,False,True,False,False,False,False,0,False,False,False,0.5,1.5,True
acc_000031,treatment,False,False,False,False,False,False,False,False,0,False,False,False,,0.0,True
acc_000032,treatment,True,True,False,True,False,False,False,False,0,False,False,False,1.4,1.5,True
acc_000033,treatment,False,False,False,False,False,False,False,False,0,False,False,False,,0.0,True
acc_000034,treatment,False,False,False,False,False,False,False,False,0,False,False,False,,0.0,True
acc_000035,treatment,False,False,False,False,False,False,False,False,0,False,False,False,,0.0,True
acc_000036,treatment,True,True,False,True,False,False,False,False,0,False,False,False,0.9,1.5,True
acc_000037,treatment,False,False,False,False,False,False,False,False,0,False,False,False,,0.0,True
acc_000038,control,False,False,False,False,False,False,False,False,0,False,False,False,,0.0,True
acc_000039,control,True,True,False,True,False,False,False,False,0,False,False,False,53.4,18.0,True
acc_000040,treatment,False,False,False,False,False,False,False,False,0,False,False,False,,0.0,True
acc_000041,control,False,False,False,False,False,False,False,False,0,False,False,False,,0.0,True
acc_000042,control,False,False,False,False,False,False,False,False,0,False,False,False,,0.0,True
acc_000043,treatment,True,True,False,True,False,False,False,False,0,False,False,False,2.1,1.5,True
acc_000044,treatment,False,False,False,False,False,False,False,False,0,False,False,False,,0.0,True
acc_000045,control,True,True,False,True,False,False,False,False,0,False,False,False,109.1,18.0,True
acc_000046,control,False,False,False,False,False,False,False,False,0,False,False,False,,0.0,True
acc_000047,control,False,False,False,False,False,False,False,False,0,False,False,False,,0.0,True
acc_000048,treatment,False,False,False,False,False,False,False,False,0,False,False,False,,0.0,True
acc_000049,treatment,True,True,False,True,False,False,False,False,0,False,False,False,4.5,1.5,True
acc_000050,control,True,False,False,False,False,False,False,False,0,False,False,False,,0.0,True
acc_000051,control,False,False,False,False,False,False,False,False,0,False,False,False,,0.0,True
acc_000052,control,False,False,False,False,False,False,False,False,0,False,False,False,,0.0,True
acc_000053,control,False,False,False,False,False,False,False,False,0,False,False,False,,0.0,True
acc_000054,treatment,False,False,False,False,False,False,False,False,0,False,False,False,,0.0,True
acc_000055,control,False,False,False,False,False,False,False,False,0,False,False,False,,0.0,True
acc_000056,treatment,False,False,False,False,False,False,False,False,0,False,False,False,,0.0,True
acc_000057,treatment,True,True,False,True,False,False,False,False,0,False,False,False,0.6,1.5,True
acc_000058,control,False,False,False,False,False,False,False,False,0,False,False,False,,0.0,True
acc_000059,treatment,False,False,False,False,False,False,False,False,0,False,False,False,,0.0,True
acc_000060,control,True,False,False,False,False,False,False,False,0,False,False,False,,0.0,True
acc_000061,control,False,False,False,False,False,False,False,False,0,False,False,False,,0.0,True
acc_000062,treatment,True,True,False,False,False,False,False,False,0,False,False,False,0.5,1.5,True
acc_000063,treatment,False,False,False,False,False,False,False,False,0,False,False,False,,0.0,True
acc_000064,control,False,False,False,False,False,False,False,False,0,False,False,False,,0.0,True
acc_000065,control,True,False,False,False,False,False,False,False,0,False,False,False,,0.0,True
acc_000066,control,False,False,False,False,False,False,False,False,0,False,False,False,,0.0,True
acc_000067,treatment,True,True,False,True,False,False,False,False,0,False,False,False,0.7,1.5,True
acc_000068,treatment,False,False,False,False,False,False,False,False,0,False,False,False,,0.0,True
acc_000069,control,True,True,False,True,False,False,False,False,0,False,False,False,154.5,18.0,True
acc_000070,treatment,False,False,False,False,False,False,False,False,0,False,False,False,,0.0,True
acc_000071,treatment,True,True,False,True,False,False,False,False,0,False,False,False,1.3,1.5,True
acc_000072,treatment,True,True,False,True,False,False,False,False,0,False,False,False,4.5,1.5,True
acc_000073,treatment,False,False,False,False,False,False,False,False,0,False,False,False,,0.0,True
acc_000074,control,False,False,False,False,False,False,False,False,0,False,False,False,,0.0,True
acc_000075,control,False,False,False,False,False,False,False,False,0,False,False,False,,0.0,True
acc_000076,treatment,True,True,False,True,False,False,False,False,0,False,False,True,1.6,1.5,True
acc_000077,treatment,True,True,False,True,False,False,False,False,0,False,False,False,1.1,1.5,True
acc_000078,treatment,False,False,False,False,False,False,False,False,0,False,False,False,,0.0,True
acc_000079,control,True,True,False,True,False,False,False,False,0,False,False,False,110.2,18.0,True
acc_000080,control,True,False,False,False,False,False,False,False,0,False,False,False,,0.0,True
acc_000081,control,False,False,False,False,False,False,False,False,0,False,False,False,,0.0,True
acc_000082,treatment,True,True,False,True,False,False,False,False,0,False,False,False,4.9,1.5,True
acc_000083,control,True,False,False,False,False,False,False,False,0,False,False,False,,0.0,True
acc_000084,treatment,False,False,False,False,False,False,False,False,0,False,False,False,,0.0,True
acc_000085,treatment,False,False,False,False,False,False,False,False,0,False,False,False,,0.0,True
acc_000086,control,True,False,False,False,False,False,False,False,0,False,False,False,,0.0,True
acc_000087,control,False,False,False,False,False,False,False,False,0,False,False,False,,0.0,True
acc_000088,control,False,False,False,False,False,False,False,False,0,False,False,False,,0.0,True
acc_000089,control,True,False,False,False,False,False,False,False,0,False,False,False,,0.0,True
acc_000090,treatment,True,True,False,True,False,False,False,False,0,False,False,False,3.1,1.5,True
acc_000091,treatment,False,False,False,False,False,False,False,False,0,False,False,False,,0.0,True
acc_000092,treatment,True,True,False,True,False,False,False,False,0,False,False,False,2.8,1.5,True
acc_000093,treatment,False,False,False,False,False,False,False,False,0,False,False,False,,0.0,True
acc_000094,control,True,False,False,False,False,False,False,False,0,False,False,False,,0.0,True
acc_000095,control,False,False,False,False,False,False,False,False,0,False,False,False,,0.0,True
acc_000096,control,True,False,False,False,False,False,False,False,0,False,False,False,,0.0,True
acc_000097,control,False,False,False,False,False,False,False,False,0,False,False,False,,0.0,True
acc_000098,treatment,True,True,False,True,False,False,False,False,0,False,False,False,2.7,1.5,True
acc_000099,treatment,False,False,False,False,False,False,False,False,0,False,False,False,,0.0,True
acc_000100,control,False,False,False,False,False,False,False,False,0,False,False,False,,0.0,True
acc_000101,treatment,False,False,False,False,False,False,False,False,0,False,False,False,,0.0,True
acc_000102,treatment,True,True,False,True,False,False,False,False,0,False,False,False,0.9,1.5,True
acc_000103,treatment,True,True,False,True,False,False,False,False,0,False,False,False,2.2,1.5,True
acc_000104,control,False,False,False,False,False,False,False,False,0,False,False,False,,0.0,True
acc_000105,treatment,False,False,False,False,False,False,False,False,0,False,False,False,,0.0,True
acc_000106,treatment,False,False,False,False,False,False,False,False,0,False,False,False,,0.0,True
acc_000107,control,True,False,False,False,False,False,False,False,0,False,False,False,,0.0,True
acc_000108,control,False,False,False,False,False,False,False,False,0,False,False,False,,0.0,True
acc_000109,control,True,False,False,False,False,False,False,False,0,False,False,False,,0.0,True
acc_000110,control,False,False,False,False,False,False,False,False,0,False,False,False,,0.0,True
acc_000111,treatment,True,False,False,False,False,False,False,False,0,False,False,False,,0.0,True
acc_000112,treatment,False,False,False,False,False,False,False,False,0,False,False,False,,0.0,True
acc_000113,treatment,True,True,False,True,False,False,False,False,0,False,False,False,1.7,1.5,True
acc_000114,control,False,False,False,False,False,False,False,False,0,False,False,False,,0.0,True
acc_000115,treatment,False,False,False,False,False,False,False,False,0,False,False,False,,0.0,True
acc_000116,treatment,True,True,False,True,False,False,False,False,0,False,False,False,2.9,1.5,True
acc_000117,treatment,False,False,False,False,False,False,False,False,0,False,False,False,,0.0,True
acc_000118,control,False,False,False,False,False,False,False,False,0,False,False,False,,0.0,True
acc_000119,control,True,False,False,False,False,False,False,False,0,False,False,False,,0.0,True
acc_000120,control,False,False,False,False,False,False,False,False,0,False,False,False,,0.0,True
acc_000121,control,False,False,False,False,False,False,False,False,0,False,False,False,,0.0,True
acc_000122,control,True,False,False,False,False,False,False,False,0,False,False,False,,0.0,True
acc_000123,control,True,False,False,False,False,False,False,False,0,False,False,False,,0.0,True
acc_000124,treatment,False,False,False,False,False,False,False,False,0,False,False,False,,0.0,True
acc_000125,treatment,False,False,False,False,False,False,False,False,0,False,False,False,,0.0,True
acc_000126,treatment,True,True,False,True,False,False,False,False,0,False,False,False,2.5,1.5,True
acc_000127,control,True,True,False,True,False,False,False,False,0,False,False,False,83.0,18.0,True
acc_000128,treatment,True,True,False,True,False,False,False,False,0,False,True,False,0.8,1.5,True
acc_000129,control,False,False,False,False,False,False,False,False,0,False,False,False,,0.0,True
acc_000130,treatment,False,False,False,False,False,False,False,False,0,False,False,False,,0.0,True
acc_000131,control,True,False,False,False,False,False,False,False,0,False,False,False,,0.0,True
acc_000132,control,False,False,False,False,False,False,False,False,0,False,False,False,,0.0,True
acc_000133,treatment,False,False,False,False,False,False,False,False,0,False,False,False,,0.0,True
acc_000134,treatment,False,False,False,False,False,False,False,False,0,False,False,False,,0.0,True
acc_000135,control,False,False,False,False,False,False,False,False,0,False,False,False,,0.0,True
acc_000136,control,False,False,False,False,False,False,False,False,0,False,False,False,,0.0,True
acc_000137,treatment,False,False,False,False,False,False,False,False,0,False,False,False,,0.0,True
acc_000138,control,False,False,False,False,False,False,False,False,0,False,False,False,,0.0,True
acc_000139,treatment,True,True,False,True,True,False,False,False,0,False,False,False,3.4,1.5,True
acc_000140,control,True,False,False,False,False,False,False,False,0,False,False,False,,0.0,True
acc_000141,control,False,False,False,False,False,False,False,False,0,False,False,False,,0.0,True
acc_000142,treatment,False,False,False,False,False,False,False,False,0,False,False,False,,0.0,True
acc_000143,control,False,False,False,False,False,False,False,False,0,False,False,False,,0.0,True
acc_000144,treatment,False,False,False,False,False,False,False,False,0,False,False,False,,0.0,True
acc_000145,control,False,False,False,False,False,False,False,False,0,False,False,False,,0.0,True
acc_000146,treatment,False,False,False,False,False,False,False,False,0,False,False,False,,0.0,True
acc_000147,treatment,True,True,False,True,False,False,False,False,0,False,False,False,2.4,1.5,True
acc_000148,treatment,False,False,False,False,False,False,False,False,0,False,False,False,,0.0,True
acc_000149,control,False,False,False,False,False,False,False,False,0,False,False,False,,0.0,True
acc_000150,control,True,False,False,False,False,False,False,False,0,False,False,False,,0.0,True
acc_000151,control,True,False,False,False,False,False,False,False,0,False,False,False,,0.0,True
acc_000152,treatment,True,True,False,True,False,False,False,False,0,False,False,False,1.6,1.5,True
acc_000153,control,False,False,False,False,False,False,False,False,0,False,False,False,,0.0,True
acc_000154,treatment,False,False,False,False,False,False,False,False,0,False,False,False,,0.0,True
acc_000155,treatment,True,True,False,True,False,False,False,False,0,False,False,False,3.2,1.5,True
acc_000156,control,True,False,False,False,False,False,False,False,0,False,False,False,,0.0,True
acc_000157,treatment,False,False,False,False,False,False,False,False,0,False,False,False,,0.0,True
acc_000158,control,True,True,False,True,False,False,False,False,0,False,False,False,64.7,18.0,True
acc_000159,treatment,True,True,False,True,False,False,False,False,0,False,False,False,1.0,1.5,True
acc_000160,treatment,False,False,False,False,False,False,False,False,0,False,False,False,,0.0,True
acc_000161,control,False,False,False,False,False,False,False,False,0,False,False,False,,0.0,True
acc_000162,treatment,False,False,False,False,False,False,False,False,0,False,False,False,,0.0,True
acc_000163,control,False,False,False,False,False,False,False,False,0,False,False,False,,0.0,True
acc_000164,control,True,True,False,True,False,False,False,False,0,False,False,False,86.7,18.0,True
acc_000165,control,True,False,False,False,False,False,False,False,0,False,False,False,,0.0,True
acc_000166,control,False,False,False,False,False,False,False,False,0,False,False,False,,0.0,True
acc_000167,control,False,False,False,False,False,False,False,False,0,False,False,False,,0.0,True
acc_000168,control,False,False,False,False,False,False,False,False,0,False,False,False,,0.0,True
acc_000169,treatment,False,False,False,False,False,False,False,False,0,False,False,False,,0.0,True
acc_000170,treatment,False,False,False,False,False,False,False,False,0,False,False,False,,0.0,True
acc_000171,control,True,False,False,False,False,False,False,False,0,False,False,False,,0.0,True
acc_000172,treatment,False,False,False,False,False,False,False,False,0,False,False,False,,0.0,True
acc_000173,control,False,False,False,False,False,False,False,False,0,False,False,False,,0.0,True
acc_000174,control,True,True,False,True,False,False,False,False,0,False,False,False,126.8,18.0,True
acc_000175,control,False,False,False,False,False,False,False,False,0,False,False,False,,0.0,True
acc_000176,control,True,False,False,False,False,False,False,False,0,False,False,False,,0.0,True
acc_000177,control,True,False,False,False,False,False,False,False,0,False,False,False,,0.0,True
acc_000178,control,True,False,False,False,False,False,False,False,0,False,False,False,,0.0,True
acc_000179,treatment,True,True,False,True,False,False,False,False,0,False,False,False,1.3,1.5,True
acc_000180,control,False,False,False,False,False,False,False,False,0,False,False,False,,0.0,True
acc_000181,control,False,False,False,False,False,False,False,False,0,False,False,False,,0.0,True
acc_000182,treatment,False,False,False,False,False,False,False,False,0,False,False,False,,0.0,True
acc_000183,treatment,False,False,False,False,False,False,False,False,0,False,False,False,,0.0,True
acc_000184,control,False,False,False,False,False,False,False,False,0,False,False,False,,0.0,True
acc_000185,control,True,True,False,True,False,False,False,False,0,False,False,False,29.4,18.0,True
acc_000186,control,True,True,False,True,False,False,False,False,0,False,False,False,96.0,18.0,True
acc_000187,control,True,True,False,True,False,False,False,False,0,False,False,False,143.6,18.0,True
acc_000188,control,False,False,False,False,False,False,False,False,0,False,False,False,,0.0,True
acc_000189,control,False,False,False,False,False,False,False,False,0,False,False,False,,0.0,True
acc_000190,control,False,False,False,False,False,False,False,False,0,False,False,False,,0.0,True
acc_000191,control,False,False,False,False,False,False,False,False,0,False,False,False,,0.0,True
acc_000192,treatment,False,False,False,False,False,False,False,False,0,False,False,False,,0.0,True
acc_000193,treatment,False,False,False,False,False,False,False,False,0,False,False,False,,0.0,True
acc_000194,treatment,True,True,False,True,False,False,False,False,0,False,False,False,2.3,1.5,True
acc_000195,control,False,False,False,False,False,False,False,False,0,False,False,False,,0.0,True
acc_000196,treatment,False,False,False,False,False,False,False,False,0,False,False,False,,0.0,True
acc_000197,treatment,False,False,False,False,False,False,False,False,0,False,False,False,,0.0,True
acc_000198,treatment,False,False,False,False,False,False,False,False,0,False,False,False,,0.0,True
acc_000199,treatment,False,False,False,False,False,False,False,False,0,False,False,False,,0.0,True
acc_000200,control,False,False,False,False,False,False,False,False,0,False,False,False,,0.0,True
acc_000201,control,False,False,False,False,False,False,False,False,0,False,False,False,,0.0,True
acc_000202,control,False,False,False,False,False,False,False,False,0,False,False,False,,0.0,True
acc_000203,treatment,False,False,False,False,False,False,False,False,0,False,False,False,,0.0,True
acc_000204,treatment,False,False,False,False,False,False,False,False,0,False,False,False,,0.0,True
acc_000205,treatment,True,True,False,True,False,False,False,False,0,False,False,False,1.2,1.5,True
acc_000206,treatment,False,False,False,False,False,False,False,False,0,False,False,False,,0.0,True
acc_000207,control,True,False,False,False,False,False,False,False,0,False,False,False,,0.0,True
acc_000208,treatment,False,False,False,False,False,False,False,False,0,False,False,False,,0.0,True
acc_000209,treatment,False,False,False,False,False,False,False,False,0,False,False,False,,0.0,True
acc_000210,treatment,False,False,False,False,False,False,False,False,0,False,False,False,,0.0,True
acc_000211,treatment,False,False,False,False,False,False,False,False,0,False,False,False,,0.0,True
acc_000212,control,False,False,False,False,False,False,False,False,0,False,False,False,,0.0,True
acc_000213,control,True,True,False,True,False,False,False,False,0,False,False,False,79.8,18.0,True
acc_000214,treatment,False,False,False,False,False,False,False,False,0,False,False,False,,0.0,True
acc_000215,control,True,False,False,False,False,False,False,False,0,False,False,False,,0.0,True
acc_000216,treatment,False,False,False,False,False,False,False,False,0,False,False,False,,0.0,True
acc_000217,control,False,False,False,False,False,False,False,False,0,False,False,False,,0.0,True
acc_000218,control,True,False,False,False,False,False,False,False,0,False,False,False,,0.0,True
acc_000219,treatment,True,True,False,True,False,False,False,False,0,False,False,False,1.0,1.5,True
acc_000220,treatment,False,False,False,False,False,False,False,False,0,False,False,False,,0.0,True
acc_000221,treatment,True,True,False,True,False,False,False,False,0,False,False,False,1.1,1.5,True
acc_000222,treatment,False,False,False,False,False,False,False,False,0,False,False,False,,0.0,True
acc_000223,control,True,False,False,False,False,False,False,False,0,False,False,False,,0.0,True
acc_000224,treatment,False,False,False,False,False,False,False,False,0,False,False,False,,0.0,True
acc_000225,control,False,False,False,False,False,False,False,False,0,False,False,False,,0.0,True
acc_000226,treatment,False,False,False,False,False,False,False,False,0,False,False,False,,0.0,True
acc_000227,control,True,False,False,False,False,False,False,False,0,False,False,False,,0.0,True
acc_000228,treatment,True,True,False,True,False,False,False,False,0,False,False,False,4.0,1.5,True
acc_000229,treatment,False,False,False,False,False,False,False,False,0,False,False,False,,0.0,True
acc_000230,treatment,True,True,False,True,False,False,False,False,0,False,False,False,1.8,1.5,True
acc_000231,control,True,False,False,False,False,False,False,False,0,False,False,False,,0.0,True
acc_000232,control,False,False,False,False,False,False,False,False,0,False,False,False,,0.0,True
acc_000233,control,False,False,False,False,False,False,False,False,0,False,False,False,,0.0,True
acc_000234,control,True,False,False,False,False,False,False,False,0,False,False,False,,0.0,True
acc_000235,treatment,True,True,False,True,False,False,False,False,0,False,False,False,1.1,1.5,True
acc_000236,treatment,False,False,False,False,False,False,False,False,0,False,False,False,,0.0,True
acc_000237,control,False,False,False,False,False,False,False,False,0,False,False,False,,0.0,True
acc_000238,treatment,True,True,False,True,False,False,False,False,0,False,False,False,1.1,1.5,True
acc_000239,control,False,False,False,False,False,False,False,False,0,False,False,False,,0.0,True
acc_000240,control,True,False,False,False,False,False,False,False,0,False,False,False,,0.0,True
acc_000241,treatment,False,False,False,False,False,False,False,False,0,False,False,False,,0.0,True
acc_000242,control,True,False,False,False,False,False,False,False,0,False,False,False,,0.0,True
acc_000243,control,True,False,False,False,False,False,False,False,0,False,False,False,,0.0,True
acc_000244,treatment,False,False,False,False,False,False,False,False,0,False,False,False,,0.0,True
acc_000245,control,False,False,False,False,False,False,False,False,0,False,False,False,,0.0,True
acc_000246,control,False,False,False,False,False,False,False,False,0,False,False,False,,0.0,True
acc_000247,control,False,False,False,False,False,False,False,False,0,False,False,False,,0.0,True
acc_000248,control,True,False,False,False,False,False,False,False,0,False,False,False,,0.0,True
acc_000249,treatment,True,True,False,True,False,False,False,False,0,False,False,False,2.1,1.5,True
acc_000250,treatment,False,False,False,False,False,False,False,False,0,False,False,False,,0.0,True
acc_000251,treatment,False,False,False,False,False,False,False,False,0,False,False,False,,0.0,True
acc_000252,control,True,False,False,False,False,False,False,False,0,False,False,False,,0.0,True
acc_000253,treatment,False,False,False,False,False,False,False,False,0,False,False,False,,0.0,True
acc_000254,control,False,False,False,False,False,False,False,False,0,False,False,False,,0.0,True
acc_000255,treatment,True,True,False,True,False,False,False,False,0,False,False,False,1.2,1.5,True
acc_000256,treatment,True,True,False,True,False,False,False,False,0,False,False,False,5.4,1.5,True
acc_000257,treatment,False,False,False,False,False,False,False,False,0,False,False,False,,0.0,True
acc_000258,control,False,False,False,False,False,False,False,False,0,False,False,False,,0.0,True
acc_000259,treatment,False,False,False,False,False,False,False,False,0,False,False,False,,0.0,True
acc_000260,control,False,False,False,False,False,False,False,False,0,False,False,False,,0.0,True
acc_000261,treatment,True,True,False,True,False,False,False,False,0,False,False,False,2.7,1.5,True
acc_000262,treatment,True,True,False,True,False,False,False,False,0,True,False,False,0.5,1.5,True
acc_000263,control,True,False,False,False,False,False,False,False,0,False,False,False,,0.0,True
acc_000264,control,False,False,False,False,False,False,False,False,0,False,False,False,,0.0,True
acc_000265,treatment,False,False,False,False,False,False,False,False,0,False,False,False,,0.0,True
acc_000266,control,False,False,False,False,False,False,False,False,0,False,False,False,,0.0,True
acc_000267,control,False,False,False,False,False,False,False,False,0,False,False,False,,0.0,True
acc_000268,treatment,False,False,False,False,False,False,False,False,0,False,False,False,,0.0,True
acc_000269,control,True,False,False,False,False,False,False,False,0,False,False,False,,0.0,True
acc_000270,control,False,False,False,False,False,False,False,False,0,False,False,False,,0.0,True
acc_000271,treatment,True,True,False,True,False,False,False,False,0,False,False,False,1.7,1.5,True
acc_000272,control,True,True,False,True,False,False,False,False,0,False,False,False,173.6,18.0,True
acc_000273,treatment,True,True,False,True,False,False,False,False,0,False,False,False,1.5,1.5,True
acc_000274,control,True,True,False,True,False,False,False,False,0,False,False,False,129.6,18.0,True
acc_000275,control,True,False,False,False,False,False,False,False,0,False,False,False,,0.0,True
acc_000276,control,False,False,False,False,False,False,False,False,0,False,False,False,,0.0,True
acc_000277,treatment,False,False,False,False,False,False,False,False,0,False,False,False,,0.0,True
acc_000278,treatment,False,False,False,False,False,False,False,False,0,False,False,False,,0.0,True
acc_000279,control,True,False,False,False,False,False,False,False,0,False,False,False,,0.0,True
acc_000280,treatment,True,True,False,True,False,False,False,False,0,False,False,False,2.1,1.5,True
acc_000281,control,True,True,False,True,False,False,False,False,0,False,False,False,83.8,18.0,True
acc_000282,control,True,True,False,True,False,False,False,False,0,False,False,False,20.7,18.0,True
acc_000283,control,False,False,False,False,False,False,False,False,0,False,False,False,,0.0,True
acc_000284,treatment,False,False,False,False,False,False,False,False,0,False,False,False,,0.0,True
acc_000285,treatment,True,True,False,True,False,False,False,False,0,False,False,False,4.0,1.5,True
acc_000286,treatment,False,False,False,False,False,False,False,False,0,False,False,False,,0.0,True
acc_000287,treatment,False,False,False,False,False,False,False,False,0,False,False,False,,0.0,True
acc_000288,control,True,False,False,False,False,False,False,False,0,False,False,False,,0.0,True
acc_000289,control,False,False,False,False,False,False,False,False,0,False,False,False,,0.0,True
acc_000290,control,True,True,False,True,False,False,False,False,0,False,False,False,88.9,18.0,True
acc_000291,treatment,True,True,False,True,False,False,False,False,0,False,False,False,3.0,1.5,True
acc_000292,treatment,False,False,False,False,False,False,False,False,0,False,False,False,,0.0,True
acc_000293,treatment,False,False,False,False,False,False,False,False,0,False,False,False,,0.0,True
acc_000294,treatment,False,False,False,False,False,False,False,False,0,False,False,False,,0.0,True
acc_000295,control,True,False,False,False,False,False,False,False,0,False,False,False,,0.0,True
acc_000296,treatment,False,False,False,False,False,False,False,False,0,False,False,False,,0.0,True
acc_000297,treatment,False,False,False,False,False,False,False,False,0,False,False,False,,0.0,True
acc_000298,treatment,True,True,False,True,False,False,False,False,0,False,False,False,4.8,1.5,True
acc_000299,control,False,False,False,False,False,False,False,False,0,False,False,False,,0.0,True
acc_000300,treatment,False,False,False,False,False,False,False,False,0,False,False,False,,0.0,True
acc_000301,treatment,True,True,False,True,False,False,False,False,0,False,False,False,1.6,1.5,True
acc_000302,control,False,False,False,False,False,False,False,False,0,False,False,False,,0.0,True
acc_000303,control,True,True,False,False,False,False,False,False,0,False,False,False,112.0,18.0,True
acc_000304,control,False,False,False,False,False,False,False,False,0,False,False,False,,0.0,True
acc_000305,treatment,False,False,False,False,False,False,False,False,0,False,False,False,,0.0,True
acc_000306,control,False,False,False,False,False,False,False,False,0,False,False,False,,0.0,True
acc_000307,control,False,False,False,False,False,False,False,False,0,False,False,False,,0.0,True
acc_000308,treatment,False,False,False,False,False,False,False,False,0,False,False,False,,0.0,True
acc_000309,treatment,False,False,False,False,False,False,False,False,0,False,False,False,,0.0,True
acc_000310,treatment,False,False,False,False,False,False,False,False,0,False,False,False,,0.0,True
acc_000311,control,False,False,False,False,False,False,False,False,0,False,False,False,,0.0,True
acc_000312,control,False,False,False,False,False,False,False,False,0,False,False,False,,0.0,True
acc_000313,treatment,False,False,False,False,False,False,False,False,0,False,False,False,,0.0,True
acc_000314,treatment,False,False,False,False,False,False,False,False,0,False,False,False,,0.0,True
acc_000315,control,True,True,False,True,False,False,False,False,0,False,False,False,40.5,18.0,True
acc_000316,treatment,False,False,False,False,False,False,False,False,0,False,False,False,,0.0,True
acc_000317,control,True,False,False,False,False,False,False,False,0,False,False,False,,0.0,True
acc_000318,treatment,True,True,False,True,False,False,False,False,0,False,False,False,1.2,1.5,True
acc_000319,control,False,False,False,False,False,False,False,False,0,False,False,False,,0.0,True
acc_000320,control,True,False,False,False,False,False,False,False,0,False,False,False,,0.0,True
acc_000321,control,True,False,False,False,False,False,False,False,0,False,False,False,,0.0,True
acc_000322,control,True,False,False,False,False,False,False,False,0,False,False,False,,0.0,True
acc_000323,control,False,False,False,False,False,False,False,False,0,False,False,False,,0.0,True
acc_000324,control,False,False,False,False,False,False,False,False,0,False,False,False,,0.0,True
acc_000325,treatment,True,True,False,True,False,False,False,False,0,False,False,False,1.0,1.5,True
acc_000326,treatment,True,True,False,True,False,False,False,False,0,False,False,False,2.5,1.5,True
acc_000327,treatment,False,False,False,False,False,False,False,False,0,False,False,False,,0.0,True
acc_000328,control,False,False,False,False,False,False,False,False,0,False,False,False,,0.0,True
acc_000329,control,True,True,False,True,False,False,False,False,0,False,False,False,133.3,18.0,True
acc_000330,treatment,False,False,False,False,False,False,False,False,0,False,False,False,,0.0,True
acc_000331,control,False,False,False,False,False,False,False,False,0,False,False,False,,0.0,True
acc_000332,treatment,False,False,False,False,False,False,False,False,0,False,False,False,,0.0,True
acc_000333,control,True,False,False,False,False,False,False,False,0,False,False,False,,0.0,True
acc_000334,treatment,False,False,False,False,False,False,False,False,0,False,False,False,,0.0,True
acc_000335,treatment,True,True,False,True,False,False,False,False,0,False,False,False,1.4,1.5,True
acc_000336,control,False,False,False,False,False,False,False,False,0,False,False,False,,0.0,True
acc_000337,treatment,False,False,False,False,False,False,False,False,0,False,False,False,,0.0,True
acc_000338,control,True,False,False,False,False,False,False,False,0,False,False,False,,0.0,True
acc_000339,control,True,False,False,False,False,False,False,False,0,False,False,False,,0.0,True
acc_000340,control,True,False,False,False,False,False,False,False,0,False,False,False,,0.0,True
acc_000341,control,True,False,False,False,False,False,False,False,0,False,False,False,,0.0,True
acc_000342,control,True,False,False,False,False,False,False,False,0,False,False,False,,0.0,True
acc_000343,treatment,True,True,False,True,False,False,False,False,0,False,False,False,2.7,1.5,True
acc_000344,treatment,True,True,False,True,False,False,False,False,0,False,False,False,1.2,1.5,True
acc_000345,control,True,False,False,False,False,False,False,False,0,False,False,False,,0.0,True
acc_000346,treatment,False,False,False,False,False,False,False,False,0,False,False,False,,0.0,True
acc_000347,treatment,False,False,False,False,False,False,False,False,0,False,False,False,,0.0,True
acc_000348,control,True,False,False,False,False,False,False,False,0,False,False,False,,0.0,True
acc_000349,control,False,False,False,False,False,False,False,False,0,False,False,False,,0.0,True
acc_000350,control,True,False,False,False,False,False,False,False,0,False,False,False,,0.0,True
acc_000351,control,False,False,False,False,False,False,False,False,0,False,False,False,,0.0,True
acc_000352,control,False,False,False,False,False,False,False,False,0,False,False,False,,0.0,True
acc_000353,control,False,False,False,False,False,False,False,False,0,False,False,False,,0.0,True
acc_000354,treatment,True,True,False,True,False,False,False,False,0,False,False,False,3.0,1.5,True
acc_000355,treatment,True,True,False,True,False,False,False,False,0,False,False,False,6.6,1.5,True
acc_000356,control,False,False,False,False,False,False,False,False,0,False,False,False,,0.0,True
acc_000357,treatment,False,False,False,False,False,False,False,False,0,False,False,False,,0.0,True
acc_000358,treatment,False,False,False,False,False,False,False,False,0,False,False,False,,0.0,True
acc_000359,control,True,True,False,True,False,False,False,False,0,False,False,False,54.5,18.0,True
acc_000360,control,False,False,False,False,False,False,False,False,0,False,False,False,,0.0,True
acc_000361,treatment,False,False,False,False,False,False,False,False,0,False,False,False,,0.0,True
acc_000362,control,True,True,False,True,False,False,False,False,0,False,False,False,130.1,18.0,True
acc_000363,control,False,False,False,False,False,False,False,False,0,False,False,False,,0.0,True
acc_000364,control,True,False,False,False,False,False,False,False,0,False,False,False,,0.0,True
acc_000365,control,True,False,False,False,False,False,False,False,0,False,False,False,,0.0,True
acc_000366,control,False,False,False,False,False,False,False,False,0,False,False,False,,0.0,True
acc_000367,control,True,True,False,False,False,False,False,False,0,False,False,False,143.1,18.0,True
acc_000368,control,True,True,False,True,False,False,False,False,0,False,False,False,152.1,18.0,True
acc_000369,control,True,True,False,False,False,False,False,False,0,False,False,False,59.1,18.0,True
acc_000370,control,False,False,False,False,False,False,False,False,0,False,False,False,,0.0,True
acc_000371,control,True,False,False,False,False,False,False,False,0,False,False,False,,0.0,True
acc_000372,treatment,False,False,False,False,False,False,False,False,0,False,False,False,,0.0,True
acc_000373,control,False,False,False,False,False,False,False,False,0,False,False,False,,0.0,True
acc_000374,control,False,False,False,False,False,False,False,False,0,False,False,False,,0.0,True
acc_000375,control,False,False,False,False,False,False,False,False,0,False,False,False,,0.0,True
acc_000376,control,True,True,False,True,False,False,False,False,0,False,False,False,142.0,18.0,True
acc_000377,treatment,True,True,False,True,False,False,False,False,0,False,False,False,0.9,1.5,True
acc_000378,treatment,True,True,False,True,False,False,False,False,0,False,False,False,5.3,1.5,True
acc_000379,control,True,False,False,False,False,False,False,False,0,False,False,False,,0.0,True
acc_000380,control,True,False,False,False,False,False,False,False,0,False,False,False,,0.0,True
acc_000381,control,True,False,False,False,False,False,False,False,0,False,False,False,,0.0,True
acc_000382,control,False,False,False,False,False,False,False,False,0,False,False,False,,0.0,True
acc_000383,treatment,False,False,False,False,False,False,False,False,0,False,False,False,,0.0,True
acc_000384,control,False,False,False,False,False,False,False,False,0,False,False,False,,0.0,True
acc_000385,control,True,False,False,False,False,False,False,False,0,False,False,False,,0.0,True
acc_000386,treatment,False,False,False,False,False,False,False,False,0,False,False,False,,0.0,True
acc_000387,control,True,True,False,True,False,False,False,False,0,False,False,False,109.2,18.0,True
acc_000388,control,True,False,False,False,False,False,False,False,0,False,False,False,,0.0,True
acc_000389,treatment,True,True,False,True,False,False,False,False,0,False,False,False,1.4,1.5,True
acc_000390,control,True,False,False,False,False,False,False,False,0,False,False,False,,0.0,True
acc_000391,treatment,False,False,False,False,False,False,False,False,0,False,False,False,,0.0,True
acc_000392,treatment,False,False,False,False,False,False,False,False,0,False,False,False,,0.0,True
acc_000393,control,False,False,False,False,False,False,False,False,0,False,False,False,,0.0,True
acc_000394,treatment,False,False,False,False,False,False,False,False,0,False,False,False,,0.0,True
acc_000395,treatment,True,True,False,True,False,False,False,False,0,False,False,False,1.3,1.5,True
acc_000396,control,False,False,False,False,False,False,False,False,0,False,False,False,,0.0,True
acc_000397,treatment,True,True,False,True,False,False,False,False,0,False,False,False,2.0,1.5,True
acc_000398,treatment,False,False,False,False,False,False,False,False,0,False,False,False,,0.0,True
acc_000399,control,True,False,False,False,False,False,False,False,0,False,False,False,,0.0,True
acc_000400,treatment,True,True,False,True,False,False,False,False,0,False,False,False,1.6,1.5,True
acc_000401,control,False,False,False,False,False,False,False,False,0,False,False,False,,0.0,True
acc_000402,treatment,True,True,False,True,False,False,False,False,0,False,False,False,2.7,1.5,True
acc_000403,control,True,False,False,False,False,False,False,False,0,False,False,False,,0.0,True
acc_000404,control,True,True,False,True,False,False,False,False,0,False,False,False,111.7,18.0,True
acc_000405,control,True,False,False,False,False,False,False,False,0,False,False,False,,0.0,True
acc_000406,control,True,False,False,False,False,False,False,False,0,False,False,False,,0.0,True
acc_000407,treatment,False,False,False,False,False,False,False,False,0,False,False,False,,0.0,True
acc_000408,treatment,True,True,False,True,False,False,False,False,0,False,False,False,1.4,1.5,True
acc_000409,control,False,False,False,False,False,False,False,False,0,False,False,False,,0.0,True
acc_000410,treatment,False,False,False,False,False,False,False,False,0,False,False,False,,0.0,True
acc_000411,control,True,True,False,True,False,False,False,False,0,False,False,False,34.6,18.0,True
acc_000412,control,True,True,False,True,False,False,False,False,0,False,False,False,192.3,18.0,True
acc_000413,treatment,True,True,False,True,False,False,False,False,0,False,False,False,3.2,1.5,True
acc_000414,control,False,False,False,False,False,False,False,False,0,False,False,False,,0.0,True
acc_000415,treatment,True,True,False,True,False,False,False,False,0,False,False,False,2.3,1.5,True
acc_000416,control,False,False,False,False,False,False,False,False,0,False,False,False,,0.0,True
acc_000417,control,True,False,False,False,False,False,False,False,0,False,False,False,,0.0,True
acc_000418,treatment,False,False,False,False,False,False,False,False,0,False,False,False,,0.0,True
acc_000419,treatment,False,False,False,False,False,False,False,False,0,False,False,False,,0.0,True
acc_000420,treatment,False,False,False,False,False,False,False,False,0,False,False,False,,0.0,True
acc_000421,control,False,True,True,True,False,False,False,False,0,False,False,False,163.0,18.0,True
acc_000422,treatment,True,True,False,True,False,False,False,False,0,False,False,False,4.4,1.5,True
acc_000423,control,True,False,False,False,False,False,False,False,0,False,False,False,,0.0,True
acc_000424,treatment,False,False,False,False,False,False,False,False,0,False,False,False,,0.0,True
acc_000425,control,False,False,False,False,False,False,False,False,0,False,False,False,,0.0,True
acc_000426,treatment,False,False,False,False,False,False,False,False,0,False,False,False,,0.0,True
acc_000427,treatment,True,True,False,True,False,False,False,False,0,False,False,False,0.5,1.5,True
acc_000428,control,False,False,False,False,False,False,False,False,0,False,False,False,,0.0,True
acc_000429,treatment,False,False,False,False,False,False,False,False,0,False,False,False,,0.0,True
acc_000430,control,False,True,True,True,False,False,False,False,0,False,False,False,80.7,18.0,True
acc_000431,treatment,False,False,False,False,False,False,False,False,0,False,False,False,,0.0,True
acc_000432,treatment,False,False,False,False,False,False,False,False,0,False,False,False,,0.0,True
acc_000433,treatment,True,True,False,True,False,False,False,False,0,False,False,False,3.0,1.5,True
acc_000434,control,False,False,False,False,False,False,False,False,0,False,False,False,,0.0,True
acc_000435,control,False,False,False,False,False,False,False,False,0,False,False,False,,0.0,True
acc_000436,control,True,False,False,False,False,False,False,False,0,False,False,False,,0.0,True
acc_000437,treatment,False,False,False,False,False,False,False,False,0,False,False,False,,0.0,True
acc_000438,treatment,False,False,False,False,False,False,False,False,0,False,False,False,,0.0,True
acc_000439,control,True,True,False,True,False,False,False,False,0,False,False,False,202.2,18.0,True
acc_000440,control,False,False,False,False,False,False,False,False,0,False,False,False,,0.0,True
acc_000441,control,True,False,False,False,False,False,False,False,0,False,False,False,,0.0,True
acc_000442,treatment,False,False,False,False,False,False,False,False,0,False,False,False,,0.0,True
acc_000443,treatment,True,True,False,True,False,False,False,False,0,False,False,False,1.4,1.5,True
acc_000444,control,False,False,False,False,False,False,False,False,0,False,False,False,,0.0,True
acc_000445,treatment,True,True,False,True,False,False,False,False,0,False,False,False,1.7,1.5,True
acc_000446,control,False,False,False,False,False,False,False,False,0,False,False,False,,0.0,True
acc_000447,treatment,False,False,False,False,False,False,False,False,0,False,False,False,,0.0,True
acc_000448,control,False,False,False,False,False,False,False,False,0,False,False,False,,0.0,True
acc_000449,treatment,True,True,False,True,False,False,False,False,0,False,False,False,3.2,1.5,True
acc_000450,control,False,False,False,False,False,False,False,False,0,False,False,False,,0.0,True
acc_000451,control,True,False,False,False,False,False,False,False,0,False,False,False,,0.0,True
acc_000452,control,True,False,False,False,False,False,False,False,0,False,False,False,,0.0,True
acc_000453,treatment,False,False,False,False,False,False,False,False,0,False,False,False,,0.0,True
acc_000454,treatment,True,True,False,True,False,False,False,False,0,False,False,False,1.8,1.5,True
acc_000455,control,True,False,False,False,False,False,False,False,0,False,False,False,,0.0,True
acc_000456,treatment,False,False,False,False,False,False,False,False,0,False,False,False,,0.0,True
acc_000457,treatment,True,True,False,True,False,False,False,False,0,False,False,False,1.6,1.5,True
acc_000458,control,False,False,False,False,False,False,False,False,0,False,False,False,,0.0,True
acc_000459,control,False,False,False,False,False,False,False,False,0,False,False,False,,0.0,True
acc_000460,control,False,False,False,False,False,False,False,False,0,False,False,False,,0.0,True
acc_000461,treatment,False,False,False,False,False,False,False,False,0,False,False,False,,0.0,True
acc_000462,treatment,False,False,False,False,False,False,False,False,0,False,False,False,,0.0,True
acc_000463,treatment,True,True,False,True,False,False,False,False,0,False,False,False,1.4,1.5,True
acc_000464,control,False,False,False,False,False,False,False,False,0,False,False,False,,0.0,True
acc_000465,treatment,True,True,False,True,False,False,False,False,0,False,False,False,2.6,1.5,True
acc_000466,treatment,False,False,False,False,False,False,False,False,0,False,False,False,,0.0,True
acc_000467,treatment,False,False,False,False,False,False,False,False,0,False,False,False,,0.0,True
acc_000468,control,True,True,False,True,False,False,False,False,0,False,False,False,39.7,18.0,True
acc_000469,control,False,False,False,False,False,False,False,False,0,False,False,False,,0.0,True
acc_000470,treatment,False,False,False,False,False,False,False,False,0,False,False,False,,0.0,True
acc_000471,treatment,True,True,False,True,False,False,False,False,0,False,False,False,0.9,1.5,True
acc_000472,control,False,False,False,False,False,False,False,False,0,False,False,False,,0.0,True
acc_000473,control,True,True,False,True,False,False,False,False,0,False,False,False,104.3,18.0,True
acc_000474,treatment,False,False,False,False,False,False,False,False,0,False,False,False,,0.0,True
acc_000475,control,True,False,False,False,False,False,False,False,0,False,False,False,,0.0,True
acc_000476,treatment,True,True,False,True,False,False,False,False,0,False,False,False,2.2,1.5,True
acc_000477,control,False,False,False,False,False,False,False,False,0,False,False,False,,0.0,True
acc_000478,treatment,False,False,False,False,False,False,False,False,0,False,False,False,,0.0,True
acc_000479,treatment,False,False,False,False,False,False,False,False,0,False,False,False,,0.0,True
acc_000480,treatment,False,False,False,False,False,False,False,False,0,False,False,False,,0.0,True
acc_000481,treatment,False,False,False,False,False,False,False,False,0,False,False,False,,0.0,True
acc_000482,control,True,False,False,False,False,False,False,False,0,False,False,False,,0.0,True
acc_000483,control,False,False,False,False,False,False,False,False,0,False,False,False,,0.0,True
acc_000484,treatment,False,False,False,False,False,False,False,False,0,False,False,False,,0.0,True
acc_000485,control,True,False,False,False,False,False,False,False,0,False,False,False,,0.0,True
acc_000486,treatment,False,False,False,False,False,False,False,False,0,False,False,False,,0.0,True
acc_000487,treatment,False,False,False,False,False,False,False,False,0,False,False,False,,0.0,True
acc_000488,treatment,False,False,False,False,False,False,False,False,0,False,False,False,,0.0,True
acc_000489,control,False,False,False,False,False,False,False,False,0,False,False,False,,0.0,True
acc_000490,treatment,False,False,False,False,False,False,False,False,0,False,False,False,,0.0,True
acc_000491,control,False,False,False,False,False,False,False,False,0,False,False,False,,0.0,True
acc_000492,treatment,False,False,False,False,False,False,False,False,0,False,False,False,,0.0,True
acc_000493,treatment,False,False,False,False,False,False,False,False,0,False,False,False,,0.0,True
acc_000494,treatment,True,True,False,True,False,False,False,False,0,False,False,False,3.1,1.5,True
acc_000495,control,True,True,False,True,False,False,False,False,0,False,False,False,289.8,18.0,True
acc_000496,treatment,True,False,False,False,False,False,False,False,0,False,False,False,,0.0,True
acc_000497,treatment,True,True,False,True,False,False,False,False,0,False,False,False,2.2,1.5,True
acc_000498,treatment,False,False,False,False,False,False,False,False,0,False,False,False,,0.0,True
acc_000499,control,False,False,False,False,False,False,False,False,0,False,False,False,,0.0,True
acc_000500,control,False,False,False,False,False,False,False,False,0,False,False,False,,0.0,True
