account_id,enrichment,send,calendar,crm
acc_000001,ok,ok,slot_conflict,ok
acc_000002,ok,ok,ok,ok
acc_000003,ok,ok,rate_limit_then_ok,ok
acc_000004,ok,ok,ok,ok
acc_000005,server_error_persistent,ok,ok,ok
acc_000006,uncertain_outcome,ok,ok,ok
acc_000007,ok,ok,ok,ok
acc_000008,ok,ok,ok,ok
acc_000009,ok,ok,ok,ok
acc_000010,ok,ok,ok,ok
acc_000011,ok,ok,ok,ok
acc_000012,ok,uncertain_outcome,ok,ok
acc_000013,ok,rate_limit_then_ok,ok,rate_limit_then_ok
acc_000014,ok,ok,slot_conflict,ok
acc_000015,ok,ok,uncertain_outcome,ok
acc_000016,ok,ok,ok,ok
acc_000017,malformed_response,ok,ok,ok
acc_000019,ok,ok,ok,ok
acc_000020,ok,transient_error_then_ok,ok,ok
acc_000021,uncertain_outcome,ok,ok,ok
acc_000022,ok,ok,ok,ok
acc_000023,ok,ok,ok,ok
acc_000024,ok,ok,ok,ok
acc_000025,ok,ok,ok,ok
acc_000026,uncertain_outcome,ok,ok,ok
acc_000027,ok,ok,ok,ok
acc_000028,ok,ok,ok,ok
acc_000029,ok,ok,ok,ok
acc_000030,ok,ok,ok,ok
acc_000031,timeout_once,ok,ok,ok
acc_000032,ok,rate_limit_then_ok,ok,ok
acc_000033,ok,ok,ok,ok
acc_000034,ok,ok,ok,ok
acc_000035,ok,ok,ok,ok
acc_000036,ok,ok,rate_limit_then_ok,ok
acc_000037,ok,ok,ok,ok
acc_000038,ok,ok,slot_conflict,ok
acc_000039,ok,ok,ok,ok
acc_000040,ok,ok,ok,ok
acc_000041,ok,ok,slot_conflict,ok
acc_000042,ok,ok,ok,ok
acc_000043,ok,ok,ok,ok
acc_000044,ok,ok,ok,ok
acc_000045,ok,ok,ok,ok
acc_000046,ok,ok,ok,ok
acc_000047,ok,ok,ok,ok
acc_000048,ok,ok,ok,ok
acc_000049,ok,ok,ok,ok
acc_000050,ok,ok,ok,ok
acc_000051,ok,ok,timeout_then_ok,ok
acc_000052,ok,transient_error_then_ok,ok,ok
acc_000053,ok,ok,ok,ok
acc_000054,ok,ok,ok,ok
acc_000055,ok,ok,ok,ok
acc_000056,ok,ok,ok,ok
acc_000057,ok,ok,ok,ok
acc_000058,ok,ok,ok,ok
acc_000059,server_error_persistent,ok,ok,ok
acc_000060,ok,ok,ok,ok
acc_000062,ok,ok,ok,ok
acc_000063,ok,ok,ok,ok
acc_000064,ok,ok,ok,ok
acc_000065,ok,ok,ok,ok
acc_000066,timeout_once,ok,ok,ok
acc_000067,ok,ok,ok,ok
acc_000068,timeout_once,ok,ok,ok
acc_000069,ok,ok,ok,ok
acc_000070,ok,ok,ok,ok
acc_000071,ok,ok,ok,ok
acc_000072,ok,ok,ok,ok
acc_000073,ok,ok,ok,ok
acc_000074,ok,ok,ok,ok
acc_000075,ok,ok,ok,ok
acc_000076,ok,ok,ok,ok
acc_000077,ok,ok,ok,ok
acc_000078,ok,ok,ok,ok
acc_000079,ok,ok,ok,ok
acc_000080,ok,ok,ok,ok
acc_000081,ok,uncertain_outcome,ok,ok
acc_000082,ok,ok,ok,ok
acc_000083,ok,ok,ok,ok
acc_000084,ok,ok,ok,transient_error_then_ok
acc_000085,ok,ok,ok,ok
acc_000086,ok,ok,ok,ok
acc_000087,ok,ok,ok,ok
acc_000088,ok,ok,ok,ok
acc_000089,ok,ok,ok,ok
acc_000090,ok,ok,slot_conflict,ok
acc_000091,server_error_persistent,ok,ok,ok
acc_000092,ok,ok,rate_limit_then_ok,ok
acc_000093,ok,ok,ok,ok
acc_000094,ok,ok,ok,ok
acc_000095,ok,ok,ok,ok
acc_000096,ok,ok,ok,ok
acc_000097,server_error_persistent,transient_error_then_ok,ok,ok
acc_000098,ok,uncertain_outcome,ok,ok
acc_000099,ok,ok,ok,ok
acc_000100,ok,ok,ok,ok
acc_000101,ok,ok,ok,ok
acc_000102,ok,ok,ok,ok
acc_000103,rate_limit_once,ok,ok,ok
acc_000104,ok,ok,uncertain_outcome,transient_error_then_ok
acc_000105,ok,ok,ok,ok
acc_000106,ok,ok,ok,ok
acc_000107,ok,ok,ok,ok
acc_000108,ok,ok,ok,ok
acc_000109,ok,ok,ok,ok
acc_000110,timeout_once,ok,timeout_then_ok,ok
acc_000111,ok,ok,ok,ok
acc_000112,ok,ok,ok,ok
acc_000113,ok,ok,ok,ok
acc_000114,malformed_response,ok,ok,ok
acc_000115,ok,ok,ok,ok
acc_000116,ok,ok,ok,ok
acc_000117,ok,ok,ok,ok
acc_000118,ok,ok,ok,ok
acc_000119,rate_limit_once,ok,ok,ok
acc_000120,ok,ok,ok,ok
acc_000121,ok,ok,ok,ok
acc_000122,ok,transient_error_then_ok,ok,ok
acc_000123,ok,ok,ok,ok
acc_000124,ok,ok,ok,ok
acc_000125,ok,ok,ok,ok
acc_000126,ok,ok,ok,ok
acc_000127,ok,ok,ok,ok
acc_000128,ok,ok,ok,ok
acc_000129,ok,rate_limit_then_ok,ok,ok
acc_000131,ok,ok,ok,ok
acc_000132,timeout_once,uncertain_outcome,ok,ok
acc_000133,ok,ok,ok,transient_error_then_ok
acc_000134,ok,ok,ok,ok
acc_000135,ok,ok,ok,ok
acc_000136,ok,ok,ok,ok
acc_000137,ok,ok,ok,ok
acc_000138,ok,ok,ok,transient_error_then_ok
acc_000139,ok,ok,ok,ok
acc_000140,ok,ok,ok,ok
acc_000141,ok,ok,uncertain_outcome,ok
acc_000142,ok,ok,ok,ok
acc_000143,rate_limit_once,ok,ok,ok
acc_000144,ok,ok,ok,ok
acc_000145,ok,ok,ok,rate_limit_then_ok
acc_000146,ok,ok,ok,ok
acc_000147,ok,ok,ok,ok
acc_000148,ok,ok,server_error_persistent,transient_error_then_ok
acc_000149,ok,ok,ok,ok
acc_000150,ok,ok,ok,ok
acc_000151,ok,ok,ok,ok
acc_000152,ok,ok,ok,ok
acc_000153,timeout_once,rate_limit_then_ok,ok,ok
acc_000154,ok,ok,ok,ok
acc_000155,ok,ok,ok,ok
acc_000156,ok,ok,ok,ok
acc_000157,ok,ok,ok,ok
acc_000158,ok,ok,ok,transient_error_then_ok
acc_000159,ok,ok,ok,ok
acc_000160,ok,ok,ok,ok
acc_000161,server_error_persistent,ok,ok,ok
acc_000162,server_error_persistent,ok,ok,ok
acc_000163,ok,ok,ok,ok
acc_000164,ok,ok,ok,ok
acc_000165,ok,ok,ok,ok
acc_000166,ok,ok,uncertain_outcome,ok
acc_000167,ok,ok,ok,ok
acc_000168,ok,ok,ok,ok
acc_000169,ok,ok,ok,ok
acc_000170,ok,ok,slot_conflict,ok
acc_000171,ok,ok,timeout_then_ok,ok
acc_000172,rate_limit_once,ok,ok,ok
acc_000173,ok,ok,ok,ok
acc_000174,ok,ok,ok,ok
acc_000175,ok,ok,ok,ok
acc_000176,ok,ok,ok,ok
acc_000177,ok,ok,ok,ok
acc_000178,ok,ok,ok,ok
acc_000179,ok,ok,ok,ok
acc_000180,ok,transient_error_then_ok,ok,ok
acc_000181,ok,ok,ok,transient_error_then_ok
acc_000182,ok,uncertain_outcome,ok,uncertain_outcome
acc_000183,ok,ok,ok,ok
acc_000184,ok,ok,ok,ok
acc_000185,timeout_once,ok,ok,ok
acc_000186,ok,ok,ok,ok
acc_000187,ok,ok,ok,ok
acc_000188,ok,ok,ok,ok
acc_000189,ok,ok,ok,ok
acc_000190,ok,ok,ok,ok
acc_000191,malformed_response,ok,ok,ok
acc_000192,ok,ok,ok,ok
acc_000193,malformed_response,ok,ok,ok
acc_000194,uncertain_outcome,ok,ok,ok
acc_000195,ok,ok,ok,ok
acc_000196,ok,ok,ok,ok
acc_000197,ok,ok,ok,ok
acc_000198,ok,ok,ok,ok
acc_000199,ok,ok,ok,ok
acc_000200,ok,ok,ok,ok
acc_000201,ok,ok,ok,ok
acc_000202,ok,ok,ok,ok
acc_000203,ok,ok,ok,ok
acc_000204,ok,ok,ok,ok
acc_000205,ok,ok,ok,ok
acc_000206,rate_limit_once,ok,ok,ok
acc_000207,ok,ok,ok,ok
acc_000208,ok,ok,ok,ok
acc_000209,ok,ok,ok,ok
acc_000210,ok,ok,rate_limit_then_ok,ok
acc_000211,ok,rate_limit_then_ok,ok,ok
acc_000212,ok,transient_error_then_ok,ok,ok
acc_000213,ok,ok,ok,ok
acc_000214,timeout_once,ok,ok,ok
acc_000215,ok,ok,ok,ok
acc_000216,ok,ok,ok,ok
acc_000217,ok,ok,ok,ok
acc_000218,ok,ok,ok,ok
acc_000219,ok,ok,ok,ok
acc_000220,ok,ok,ok,ok
acc_000221,ok,ok,slot_conflict,ok
acc_000222,ok,ok,ok,ok
acc_000223,ok,ok,ok,ok
acc_000224,ok,ok,ok,ok
acc_000225,ok,ok,ok,ok
acc_000226,ok,ok,ok,ok
acc_000227,timeout_once,ok,ok,ok
acc_000228,ok,ok,ok,ok
acc_000229,ok,ok,slot_conflict,ok
acc_000230,ok,uncertain_outcome,ok,ok
acc_000231,ok,ok,ok,ok
acc_000232,ok,ok,ok,ok
acc_000233,malformed_response,ok,ok,ok
acc_000234,ok,ok,ok,ok
acc_000235,ok,ok,ok,ok
acc_000236,ok,ok,ok,ok
acc_000237,ok,ok,ok,ok
acc_000238,ok,ok,ok,ok
acc_000239,ok,ok,ok,ok
acc_000240,ok,ok,ok,ok
acc_000242,ok,ok,ok,ok
acc_000243,ok,ok,ok,ok
acc_000244,ok,ok,ok,ok
acc_000245,ok,ok,ok,ok
acc_000246,ok,ok,ok,ok
acc_000247,ok,ok,ok,ok
acc_000248,ok,ok,timeout_then_ok,ok
acc_000249,ok,ok,ok,ok
acc_000250,ok,ok,ok,ok
acc_000251,ok,ok,ok,ok
acc_000252,ok,ok,ok,ok
acc_000253,ok,ok,ok,ok
acc_000254,ok,ok,timeout_then_ok,ok
acc_000255,ok,ok,ok,ok
acc_000256,ok,ok,ok,ok
acc_000257,ok,ok,ok,ok
acc_000258,ok,ok,ok,ok
acc_000259,ok,ok,ok,ok
acc_000260,ok,ok,ok,ok
acc_000261,ok,ok,ok,ok
acc_000262,ok,ok,ok,ok
acc_000263,ok,ok,ok,ok
acc_000264,ok,ok,ok,ok
acc_000265,ok,ok,ok,ok
acc_000266,rate_limit_once,ok,ok,ok
acc_000267,rate_limit_once,ok,ok,ok
acc_000268,ok,ok,ok,ok
acc_000269,ok,ok,ok,ok
acc_000270,ok,ok,ok,transient_error_then_ok
acc_000271,ok,ok,ok,ok
acc_000272,ok,ok,ok,ok
acc_000273,ok,ok,ok,ok
acc_000274,ok,ok,ok,ok
acc_000275,rate_limit_once,ok,ok,ok
acc_000276,ok,ok,ok,ok
acc_000277,timeout_once,ok,ok,uncertain_outcome
acc_000278,ok,ok,ok,ok
acc_000279,ok,ok,ok,ok
acc_000280,ok,ok,ok,ok
acc_000281,ok,ok,ok,ok
acc_000282,ok,ok,ok,ok
acc_000283,ok,ok,ok,ok
acc_000284,ok,ok,ok,ok
acc_000285,ok,ok,ok,ok
acc_000286,ok,ok,ok,ok
acc_000287,ok,ok,ok,ok
acc_000288,ok,ok,ok,ok
acc_000289,ok,ok,ok,ok
acc_000290,ok,ok,ok,ok
acc_000291,ok,ok,ok,ok
acc_000292,ok,ok,ok,ok
acc_000293,ok,ok,ok,ok
acc_000294,timeout_once,ok,ok,ok
acc_000295,malformed_response,ok,ok,ok
acc_000296,ok,ok,ok,ok
acc_000297,ok,uncertain_outcome,ok,ok
acc_000298,ok,ok,ok,ok
acc_000299,ok,ok,ok,ok
acc_000300,ok,ok,ok,ok
acc_000301,ok,ok,ok,ok
acc_000302,ok,ok,ok,ok
acc_000303,ok,ok,ok,ok
acc_000304,malformed_response,ok,ok,ok
acc_000305,ok,ok,ok,transient_error_then_ok
acc_000306,ok,ok,ok,ok
acc_000307,server_error_persistent,ok,ok,ok
acc_000308,malformed_response,ok,ok,ok
acc_000309,ok,hard_reject,ok,ok
acc_000310,ok,ok,ok,ok
acc_000311,ok,ok,ok,ok
acc_000312,ok,ok,ok,ok
acc_000313,ok,ok,ok,ok
acc_000314,ok,ok,ok,ok
acc_000315,ok,ok,ok,ok
acc_000316,ok,ok,ok,ok
acc_000317,ok,ok,ok,ok
acc_000318,ok,ok,ok,ok
acc_000319,ok,ok,ok,ok
acc_000320,ok,ok,ok,ok
acc_000321,rate_limit_once,ok,ok,ok
acc_000322,ok,ok,ok,ok
acc_000324,timeout_once,ok,ok,ok
acc_000325,ok,ok,ok,ok
acc_000326,ok,ok,ok,ok
acc_000327,ok,ok,ok,ok
acc_000328,ok,ok,ok,ok
acc_000329,rate_limit_once,ok,ok,ok
acc_000330,ok,ok,ok,ok
acc_000332,ok,ok,ok,rate_limit_then_ok
acc_000333,ok,ok,ok,ok
acc_000334,ok,ok,ok,ok
acc_000335,ok,ok,slot_conflict,transient_error_then_ok
acc_000336,ok,ok,ok,stale_version_conflict
acc_000337,ok,rate_limit_then_ok,ok,ok
acc_000338,ok,ok,ok,ok
acc_000339,ok,uncertain_outcome,ok,transient_error_then_ok
acc_000340,ok,ok,ok,ok
acc_000341,ok,ok,ok,ok
acc_000342,ok,ok,ok,ok
acc_000343,ok,ok,ok,ok
acc_000344,ok,ok,ok,ok
acc_000345,ok,ok,ok,ok
acc_000346,ok,ok,ok,ok
acc_000347,ok,ok,ok,ok
acc_000348,ok,ok,ok,ok
acc_000349,ok,ok,ok,ok
acc_000350,ok,ok,ok,ok
acc_000351,ok,ok,ok,rate_limit_then_ok
acc_000352,ok,ok,ok,ok
acc_000353,ok,ok,ok,ok
acc_000354,ok,ok,ok,ok
acc_000355,ok,ok,ok,ok
acc_000356,timeout_once,ok,ok,ok
acc_000357,ok,ok,ok,ok
acc_000358,ok,ok,ok,ok
acc_000359,ok,ok,ok,ok
acc_000360,ok,ok,ok,ok
acc_000361,ok,ok,ok,ok
acc_000362,ok,ok,ok,ok
acc_000364,ok,ok,ok,ok
acc_000365,ok,ok,ok,ok
acc_000366,ok,ok,ok,ok
acc_000367,ok,ok,ok,ok
acc_000368,malformed_response,ok,ok,ok
acc_000369,ok,transient_error_then_ok,ok,rate_limit_then_ok
acc_000370,ok,ok,ok,ok
acc_000371,ok,ok,ok,ok
acc_000372,ok,transient_error_then_ok,ok,ok
acc_000373,ok,ok,ok,ok
acc_000374,ok,ok,ok,ok
acc_000375,ok,ok,ok,transient_error_then_ok
acc_000376,ok,ok,ok,ok
acc_000377,ok,rate_limit_then_ok,ok,stale_version_conflict
acc_000378,ok,ok,ok,ok
acc_000379,ok,ok,ok,ok
acc_000380,ok,ok,ok,ok
acc_000381,ok,ok,ok,ok
acc_000382,ok,ok,slot_conflict,ok
acc_000383,malformed_response,ok,ok,ok
acc_000384,rate_limit_once,ok,ok,ok
acc_000385,ok,ok,ok,ok
acc_000386,ok,ok,ok,ok
acc_000387,server_error_persistent,ok,ok,ok
acc_000388,ok,ok,ok,ok
acc_000389,ok,ok,ok,ok
acc_000390,ok,ok,rate_limit_then_ok,ok
acc_000391,ok,ok,ok,ok
acc_000392,ok,ok,ok,ok
acc_000393,ok,ok,ok,ok
acc_000394,malformed_response,ok,ok,ok
acc_000395,ok,ok,ok,ok
acc_000396,ok,ok,ok,ok
acc_000397,ok,ok,ok,ok
acc_000398,ok,ok,ok,ok
acc_000399,ok,ok,ok,ok
acc_000400,ok,ok,ok,ok
acc_000401,ok,ok,ok,ok
acc_000402,ok,ok,ok,ok
acc_000403,ok,ok,ok,ok
acc_000404,ok,ok,ok,ok
acc_000405,ok,ok,ok,ok
acc_000406,malformed_response,ok,ok,ok
acc_000407,ok,ok,ok,ok
acc_000408,ok,ok,ok,ok
acc_000409,ok,ok,uncertain_outcome,ok
acc_000410,ok,ok,slot_conflict,ok
acc_000411,ok,ok,ok,transient_error_then_ok
acc_000412,timeout_once,ok,ok,ok
acc_000413,ok,ok,ok,ok
acc_000414,ok,ok,ok,ok
acc_000415,ok,ok,ok,ok
acc_000416,server_error_persistent,ok,ok,ok
acc_000417,ok,ok,ok,ok
acc_000418,ok,ok,uncertain_outcome,ok
acc_000419,ok,transient_error_then_ok,ok,ok
acc_000420,timeout_once,ok,ok,ok
acc_000421,ok,ok,ok,ok
acc_000422,ok,ok,ok,ok
acc_000423,ok,rate_limit_then_ok,ok,ok
acc_000424,ok,ok,ok,ok
acc_000425,timeout_once,ok,ok,ok
acc_000426,timeout_once,ok,ok,ok
acc_000427,ok,ok,ok,ok
acc_000428,ok,ok,ok,ok
acc_000429,ok,ok,ok,ok
acc_000430,ok,uncertain_outcome,ok,ok
acc_000431,ok,ok,ok,ok
acc_000432,ok,ok,ok,ok
acc_000433,ok,ok,ok,ok
acc_000434,ok,transient_error_then_ok,ok,ok
acc_000435,ok,rate_limit_then_ok,ok,ok
acc_000436,ok,uncertain_outcome,ok,rate_limit_then_ok
acc_000437,ok,ok,ok,ok
acc_000438,ok,transient_error_then_ok,ok,ok
acc_000439,ok,ok,ok,ok
acc_000440,timeout_once,ok,ok,ok
acc_000441,ok,ok,ok,ok
acc_000442,ok,ok,ok,ok
acc_000443,ok,ok,ok,ok
acc_000444,ok,ok,ok,ok
acc_000445,ok,ok,ok,ok
acc_000446,ok,ok,ok,ok
acc_000447,ok,ok,ok,ok
acc_000448,ok,ok,ok,ok
acc_000449,ok,ok,ok,ok
acc_000450,ok,ok,ok,ok
acc_000451,ok,ok,ok,stale_version_conflict
acc_000452,malformed_response,ok,ok,ok
acc_000453,ok,ok,ok,ok
acc_000454,ok,ok,slot_conflict,ok
acc_000455,ok,ok,ok,ok
acc_000457,timeout_once,ok,ok,ok
acc_000458,ok,ok,ok,ok
acc_000459,ok,ok,ok,ok
acc_000460,ok,ok,ok,ok
acc_000461,ok,ok,ok,ok
acc_000462,ok,ok,ok,ok
acc_000463,ok,ok,ok,ok
acc_000464,ok,ok,ok,ok
acc_000465,ok,ok,timeout_then_ok,ok
acc_000467,ok,ok,ok,ok
acc_000468,ok,ok,ok,ok
acc_000469,ok,ok,ok,ok
acc_000470,ok,ok,ok,ok
acc_000471,ok,ok,ok,ok
acc_000472,ok,ok,ok,ok
acc_000473,server_error_persistent,ok,ok,ok
acc_000474,ok,ok,ok,ok
acc_000475,ok,ok,ok,ok
acc_000476,server_error_persistent,transient_error_then_ok,slot_conflict,ok
acc_000477,ok,ok,ok,ok
acc_000478,ok,ok,slot_conflict,ok
acc_000479,ok,ok,ok,ok
acc_000481,ok,ok,ok,ok
acc_000482,ok,ok,slot_conflict,ok
acc_000483,ok,ok,server_error_persistent,rate_limit_then_ok
acc_000484,ok,ok,timeout_then_ok,ok
acc_000485,ok,ok,ok,ok
acc_000486,ok,ok,ok,ok
acc_000487,ok,ok,ok,ok
acc_000488,ok,ok,ok,ok
acc_000489,malformed_response,ok,ok,ok
acc_000490,ok,ok,ok,ok
acc_000491,ok,ok,ok,ok
acc_000492,ok,ok,ok,ok
acc_000493,ok,ok,ok,ok
acc_000494,ok,ok,ok,ok
acc_000495,ok,ok,ok,ok
acc_000496,ok,ok,ok,ok
acc_000497,ok,ok,server_error_persistent,ok
acc_000498,ok,ok,ok,ok
acc_000499,ok,ok,ok,ok
acc_000500,ok,ok,ok,ok
acc_000018,ok,ok,ok,ok
acc_000061,ok,ok,ok,ok
acc_000130,ok,ok,ok,uncertain_outcome
acc_000241,ok,ok,ok,ok
acc_000323,ok,ok,slot_conflict,ok
acc_000331,ok,ok,ok,ok
acc_000363,ok,ok,ok,ok
acc_000456,ok,ok,ok,ok
acc_000466,ok,ok,ok,ok
acc_000480,rate_limit_once,ok,ok,ok
