account_id,variant,response,expected_action_after_enrichment
acc_000003,good_contacts,"{""status"": ""ok"", ""firmographics"": {""employee_count"": 23, ""industry"": ""Retail & Commerce"", ""revenue_band"": ""1-5M""}, ""contacts"": [{""first_name"": ""Paula"", ""last_name"": ""Soto"", ""email"": ""paula.soto@sacen.mx.example"", ""email_status"": ""valid"", ""function"": ""finance"", ""seniority"": ""manager"", ""language"": ""en"", ""title"": ""Accounts Payable Manager""}], ""warnings"": []}",contact
acc_000034,contradictory,"{""status"": ""ok"", ""firmographics"": {""employee_count"": 1992, ""industry"": ""Technology & Software"", ""revenue_band"": ""5-20M"", ""is_customer"": true}, ""contacts"": [{""first_name"": ""Leonardo"", ""last_name"": ""Lopes"", ""email"": ""leonardo.lopes@macen.br.example"", ""email_status"": ""valid"", ""function"": ""finance"", ""seniority"": ""director"", ""language"": ""en"", ""title"": ""Director of Finance""}, {""first_name"": ""Juliana"", ""last_name"": ""Andrade"", ""email"": ""juliana.andrade@macen.br.example"", ""email_status"": ""valid"", ""function"": ""finance"", ""seniority"": ""c_level"", ""language"": ""en"", ""title"": ""Chief Financial Officer""}], ""warnings"": [""domain_mismatch"", ""conflicts_with_crm""]}",escalate_human
acc_000037,contradictory,"{""status"": ""ok"", ""firmographics"": {""employee_count"": 2124, ""industry"": ""Marketing & Media"", ""revenue_band"": ""5-20M"", ""is_customer"": true}, ""contacts"": [{""first_name"": ""Mariana"", ""last_name"": ""Rodrigues"", ""email"": ""mariana.rodrigues@galba.br.example"", ""email_status"": ""valid"", ""function"": ""finance"", ""seniority"": ""vp"", ""language"": ""en"", ""title"": ""VP of Finance""}], ""warnings"": [""domain_mismatch"", ""conflicts_with_crm""]}",escalate_human
acc_000059,good_contacts,"{""status"": ""ok"", ""firmographics"": {""employee_count"": 900, ""industry"": ""Healthcare"", ""revenue_band"": ""20-100M""}, ""contacts"": [{""first_name"": ""Pilar"", ""last_name"": ""Silva"", ""email"": ""pilar.silva@orgal.ar.example"", ""email_status"": ""valid"", ""function"": ""executive"", ""seniority"": ""director"", ""language"": ""en"", ""title"": ""Associate General Manager""}, {""first_name"": ""Francisco"", ""last_name"": ""Quintero"", ""email"": ""francisco.quintero@orgal.ar.example"", ""email_status"": ""valid"", ""function"": ""finance"", ""seniority"": ""vp"", ""language"": ""en"", ""title"": ""VP of Finance""}, {""first_name"": ""Andrea"", ""last_name"": ""Bravo"", ""email"": ""andrea.bravo@orgal.ar.example"", ""email_status"": ""valid"", ""function"": ""finance"", ""seniority"": ""director"", ""language"": ""en"", ""title"": ""Director of Treasury""}], ""warnings"": []}",contact
acc_000084,no_data,"{""status"": ""ok"", ""firmographics"": {}, ""contacts"": [], ""warnings"": []}",escalate_human
acc_000095,no_data,"{""status"": ""ok"", ""firmographics"": {}, ""contacts"": [], ""warnings"": []}",escalate_human
acc_000115,no_data,"{""status"": ""ok"", ""firmographics"": {}, ""contacts"": [], ""warnings"": []}",escalate_human
acc_000125,no_data,"{""status"": ""ok"", ""firmographics"": {}, ""contacts"": [], ""warnings"": []}",escalate_human
acc_000138,good_contacts,"{""status"": ""ok"", ""firmographics"": {""employee_count"": 124, ""industry"": ""Logistics & Transportation"", ""revenue_band"": ""5-20M""}, ""contacts"": [{""first_name"": ""Isabel"", ""last_name"": ""Rodríguez"", ""email"": ""isabel.rodriguez@renzutech.mx.example"", ""email_status"": ""valid"", ""function"": ""procurement"", ""seniority"": ""director"", ""language"": ""en"", ""title"": ""Director of Sourcing""}], ""warnings"": []}",contact
acc_000167,contradictory,"{""status"": ""ok"", ""firmographics"": {""employee_count"": 300, ""industry"": ""Retail & Commerce"", ""revenue_band"": ""5-20M"", ""is_customer"": true}, ""contacts"": [{""first_name"": ""Cláudio"", ""last_name"": ""Silva"", ""email"": ""claudio.silva@rensolretail.br.example"", ""email_status"": ""valid"", ""function"": ""finance"", ""seniority"": ""c_level"", ""language"": ""en"", ""title"": ""Chief Financial Officer""}], ""warnings"": [""domain_mismatch"", ""conflicts_with_crm""]}",escalate_human
acc_000196,good_contacts,"{""status"": ""ok"", ""firmographics"": {""employee_count"": 32, ""industry"": ""Agribusiness"", ""revenue_band"": ""1-5M""}, ""contacts"": [{""first_name"": ""Pilar"", ""last_name"": ""Escobar"", ""email"": ""pilar.escobar@cito.mx.example"", ""email_status"": ""valid"", ""function"": ""finance"", ""seniority"": ""c_level"", ""language"": ""en"", ""title"": ""Chief Financial Officer""}, {""first_name"": ""Andrea"", ""last_name"": ""Vargas"", ""email"": ""andrea.vargas@cito.mx.example"", ""email_status"": ""valid"", ""function"": ""finance"", ""seniority"": ""vp"", ""language"": ""en"", ""title"": ""VP of Finance""}], ""warnings"": []}",contact
acc_000244,good_contacts,"{""status"": ""ok"", ""firmographics"": {""employee_count"": 92, ""industry"": ""Manufacturing"", ""revenue_band"": ""5-20M""}, ""contacts"": [{""first_name"": ""Vanessa"", ""last_name"": ""Ribeiro"", ""email"": ""vanessa.ribeiro@quimomanufacturing.br.example"", ""email_status"": ""valid"", ""function"": ""executive"", ""seniority"": ""c_level"", ""language"": ""en"", ""title"": ""General Manager""}], ""warnings"": []}",contact
acc_000270,good_contacts,"{""status"": ""ok"", ""firmographics"": {""employee_count"": 36, ""industry"": ""Technology & Software"", ""revenue_band"": ""1-5M""}, ""contacts"": [{""first_name"": ""Rodrigo"", ""last_name"": ""Vieira"", ""email"": ""rodrigo.vieira@panfo.br.example"", ""email_status"": ""valid"", ""function"": ""finance"", ""seniority"": ""manager"", ""language"": ""en"", ""title"": ""Treasury Manager""}, {""first_name"": ""Daniela"", ""last_name"": ""Moreira"", ""email"": ""daniela.moreira@panfo.br.example"", ""email_status"": ""valid"", ""function"": ""executive"", ""seniority"": ""manager"", ""language"": ""en"", ""title"": ""Executive Assistant""}], ""warnings"": []}",contact
acc_000307,no_data,"{""status"": ""ok"", ""firmographics"": {}, ""contacts"": [], ""warnings"": []}",escalate_human
acc_000312,good_contacts,"{""status"": ""ok"", ""firmographics"": {""employee_count"": 387, ""industry"": ""Logistics & Transportation"", ""revenue_band"": ""5-20M""}, ""contacts"": [{""first_name"": ""Gabriela"", ""last_name"": ""Domínguez"", ""email"": ""gabriela.dominguez@samacargo.mx.example"", ""email_status"": ""valid"", ""function"": ""executive"", ""seniority"": ""manager"", ""language"": ""en"", ""title"": ""Executive Assistant""}, {""first_name"": ""Laura"", ""last_name"": ""Ramírez"", ""email"": ""laura.ramirez@samacargo.mx.example"", ""email_status"": ""valid"", ""function"": ""finance"", ""seniority"": ""manager"", ""language"": ""en"", ""title"": ""Accounts Payable Manager""}], ""warnings"": []}",contact
acc_000316,good_contacts,"{""status"": ""ok"", ""firmographics"": {""employee_count"": 550, ""industry"": ""Healthcare"", ""revenue_band"": ""20-100M""}, ""contacts"": [{""first_name"": ""Ignacio"", ""last_name"": ""Arias"", ""email"": ""ignacio.arias@nextoclinic.mx.example"", ""email_status"": ""valid"", ""function"": ""finance"", ""seniority"": ""c_level"", ""language"": ""en"", ""title"": ""CFO""}, {""first_name"": ""Laura"", ""last_name"": ""Bravo"", ""email"": ""laura.bravo@nextoclinic.mx.example"", ""email_status"": ""valid"", ""function"": ""finance"", ""seniority"": ""manager"", ""language"": ""en"", ""title"": ""Finance Manager""}], ""warnings"": []}",contact
acc_000319,good_contacts,"{""status"": ""ok"", ""firmographics"": {""employee_count"": 142, ""industry"": ""Technology & Software"", ""revenue_band"": ""5-20M""}, ""contacts"": [{""first_name"": ""Patrícia"", ""last_name"": ""Soares"", ""email"": ""patricia.soares@lulosystems.br.example"", ""email_status"": ""valid"", ""function"": ""finance"", ""seniority"": ""c_level"", ""language"": ""en"", ""title"": ""Chief Financial Officer""}], ""warnings"": []}",contact
acc_000328,good_contacts,"{""status"": ""ok"", ""firmographics"": {""employee_count"": 29, ""industry"": ""Healthcare"", ""revenue_band"": ""1-5M""}, ""contacts"": [{""first_name"": ""Adriana"", ""last_name"": ""Jiménez"", ""email"": ""adriana.jimenez@cumahealth.mx.example"", ""email_status"": ""valid"", ""function"": ""finance"", ""seniority"": ""vp"", ""language"": ""en"", ""title"": ""VP of Finance""}, {""first_name"": ""Paula"", ""last_name"": ""López"", ""email"": ""paula.lopez@cumahealth.mx.example"", ""email_status"": ""valid"", ""function"": ""procurement"", ""seniority"": ""c_level"", ""language"": ""en"", ""title"": ""Chief Procurement Officer""}], ""warnings"": []}",contact
acc_000334,good_contacts,"{""status"": ""ok"", ""firmographics"": {""employee_count"": 193, ""industry"": ""Logistics & Transportation"", ""revenue_band"": ""20-100M""}, ""contacts"": [{""first_name"": ""Daniel"", ""last_name"": ""Peña"", ""email"": ""daniel.pena@nigalfreight.co.example"", ""email_status"": ""valid"", ""function"": ""finance"", ""seniority"": ""vp"", ""language"": ""en"", ""title"": ""VP of Finance""}, {""first_name"": ""Ignacio"", ""last_name"": ""Ortiz"", ""email"": ""ignacio.ortiz@nigalfreight.co.example"", ""email_status"": ""valid"", ""function"": ""executive"", ""seniority"": ""director"", ""language"": ""en"", ""title"": ""Associate General Manager""}], ""warnings"": []}",contact
acc_000351,good_contacts,"{""status"": ""ok"", ""firmographics"": {""employee_count"": 16, ""industry"": ""Technology & Software"", ""revenue_band"": ""1-5M""}, ""contacts"": [{""first_name"": ""Tomás"", ""last_name"": ""Soto"", ""email"": ""tomas.soto@torri.mx.example"", ""email_status"": ""valid"", ""function"": ""executive"", ""seniority"": ""vp"", ""language"": ""en"", ""title"": ""Executive VP""}, {""first_name"": ""Ricardo"", ""last_name"": ""Romero"", ""email"": ""ricardo.romero@torri.mx.example"", ""email_status"": ""valid"", ""function"": ""procurement"", ""seniority"": ""c_level"", ""language"": ""en"", ""title"": ""Chief Procurement Officer""}, {""first_name"": ""María"", ""last_name"": ""Rojas"", ""email"": ""maria.rojas@torri.mx.example"", ""email_status"": ""valid"", ""function"": ""executive"", ""seniority"": ""manager"", ""language"": ""en"", ""title"": ""Executive Assistant""}], ""warnings"": []}",contact
acc_000418,good_contacts,"{""status"": ""ok"", ""firmographics"": {""employee_count"": 349, ""industry"": ""Marketing & Media"", ""revenue_band"": ""5-20M""}, ""contacts"": [{""first_name"": ""Paulo"", ""last_name"": ""Rocha"", ""email"": ""paulo.rocha@cenver.br.example"", ""email_status"": ""valid"", ""function"": ""finance"", ""seniority"": ""c_level"", ""language"": ""en"", ""title"": ""CFO""}], ""warnings"": []}",contact
acc_000459,no_data,"{""status"": ""ok"", ""firmographics"": {}, ""contacts"": [], ""warnings"": []}",escalate_human
acc_000488,good_contacts,"{""status"": ""ok"", ""firmographics"": {""employee_count"": 39, ""industry"": ""Healthcare"", ""revenue_band"": ""1-5M""}, ""contacts"": [{""first_name"": ""Ricardo"", ""last_name"": ""Torres"", ""email"": ""ricardo.torres@minnexclinic.pe.example"", ""email_status"": ""valid"", ""function"": ""executive"", ""seniority"": ""director"", ""language"": ""en"", ""title"": ""Associate General Manager""}, {""first_name"": ""Óscar"", ""last_name"": ""Gómez"", ""email"": ""oscar.gomez@minnexclinic.pe.example"", ""email_status"": ""valid"", ""function"": ""executive"", ""seniority"": ""vp"", ""language"": ""en"", ""title"": ""Executive VP""}], ""warnings"": []}",contact
