opportunity_id,account_id,amount_usd,owner_ae_id,lost_reason,closed_at,stage,created_at
opp_000001_1,acc_000001,646348,,,2026-05-27T16:00:00Z,closed_won,2026-04-01T16:00:00Z
opp_000004_1,acc_000004,172160,,timing,2026-09-17T16:00:00Z,closed_lost,2026-07-20T16:00:00Z
opp_000012_1,acc_000012,83536,,,2026-09-22T16:00:00Z,closed_won,2026-07-04T16:00:00Z
opp_000015_1,acc_000015,3724,ae_035,,,negotiation,2026-08-24T16:00:00Z
opp_000021_1,acc_000021,104280,,,2026-05-31T16:00:00Z,closed_won,2026-05-08T16:00:00Z
opp_000024_1,acc_000024,48576,,,2025-05-23T16:00:00Z,closed_won,2025-03-25T16:00:00Z
opp_000035_1,acc_000035,93104,,,2024-09-20T16:00:00Z,closed_won,2024-07-04T16:00:00Z
opp_000038_1,acc_000038,7876,,,2024-03-30T16:00:00Z,closed_won,2024-02-23T16:00:00Z
opp_000044_1,acc_000044,51956,,,2025-12-24T16:00:00Z,closed_won,2025-11-17T16:00:00Z
opp_000052_1,acc_000052,2783,,,2025-03-22T16:00:00Z,closed_won,2024-12-24T16:00:00Z
opp_000063_1,acc_000063,3806,,chose current bank,2026-09-09T16:00:00Z,closed_lost,2026-07-30T16:00:00Z
opp_000073_1,acc_000073,3344,ae_034,,,demo,2026-09-01T16:00:00Z
opp_000074_1,acc_000074,34104,,,2025-04-08T16:00:00Z,closed_won,2025-03-07T16:00:00Z
opp_000081_1,acc_000081,9036,,,2024-11-03T16:00:00Z,closed_won,2024-08-10T16:00:00Z
opp_000085_1,acc_000085,61612,,,2025-07-20T16:00:00Z,closed_won,2025-06-23T16:00:00Z
opp_000094_1,acc_000094,4128,,chose current bank,2025-09-08T16:00:00Z,closed_lost,2025-06-28T16:00:00Z
opp_000097_1,acc_000097,13648,ae_011,,,demo,2026-08-01T16:00:00Z
opp_000106_1,acc_000106,39528,,,2025-03-16T16:00:00Z,closed_won,2025-02-15T16:00:00Z
opp_000110_1,acc_000110,32130,,,2025-08-03T16:00:00Z,closed_won,2025-07-01T16:00:00Z
opp_000117_1,acc_000117,498929,,,2024-07-28T16:00:00Z,closed_won,2024-05-21T16:00:00Z
opp_000118_1,acc_000118,688797,,,2025-05-20T16:00:00Z,closed_won,2025-04-13T16:00:00Z
opp_000124_1,acc_000124,5320,,,2025-04-06T16:00:00Z,closed_won,2025-01-24T16:00:00Z
opp_000127_1,acc_000127,6648,,price,2026-02-23T16:00:00Z,closed_lost,2025-12-19T16:00:00Z
opp_000134_1,acc_000134,13770,,,2025-04-20T16:00:00Z,closed_won,2025-03-14T16:00:00Z
opp_000136_1,acc_000136,244260,ae_026,,,discovery,2026-07-09T16:00:00Z
opp_000144_1,acc_000144,431283,,,2025-05-19T16:00:00Z,closed_won,2025-02-18T16:00:00Z
opp_000152_1,acc_000152,704058,,no response,2026-04-22T16:00:00Z,closed_lost,2026-03-13T16:00:00Z
opp_000157_1,acc_000157,487558,,,2024-11-09T16:00:00Z,closed_won,2024-10-16T16:00:00Z
opp_000161_1,acc_000161,123824,,,2024-11-06T16:00:00Z,closed_won,2024-08-20T16:00:00Z
opp_000168_1,acc_000168,773478,ae_013,,,negotiation,2026-09-14T16:00:00Z
opp_000170_1,acc_000170,21240,,,2024-05-15T16:00:00Z,closed_won,2024-04-13T16:00:00Z
opp_000175_1,acc_000175,32283,,,2025-11-26T16:00:00Z,closed_won,2025-08-29T16:00:00Z
opp_000181_1,acc_000181,33920,,,2024-06-02T16:00:00Z,closed_won,2024-05-05T16:00:00Z
opp_000182_1,acc_000182,21576,,,2023-09-10T16:00:00Z,closed_won,2023-08-21T16:00:00Z
opp_000183_1,acc_000183,258366,,,2025-12-02T16:00:00Z,closed_won,2025-10-17T16:00:00Z
opp_000192_1,acc_000192,74088,ae_001,,,demo,2026-06-10T16:00:00Z
opp_000199_1,acc_000199,8547,,,2025-09-02T16:00:00Z,closed_won,2025-07-12T16:00:00Z
opp_000202_1,acc_000202,14574,,,2025-04-09T16:00:00Z,closed_won,2025-02-11T16:00:00Z
opp_000208_1,acc_000208,16420,ae_015,,,discovery,2026-08-02T16:00:00Z
opp_000209_1,acc_000209,64480,,,2026-09-24T16:00:00Z,closed_won,2026-07-17T16:00:00Z
opp_000211_1,acc_000211,39045,ae_025,,,proposal,2026-09-01T16:00:00Z
opp_000218_1,acc_000218,180234,,chose current bank,2026-01-01T16:00:00Z,closed_lost,2025-11-27T16:00:00Z
opp_000220_1,acc_000220,55574,ae_037,,,proposal,2026-08-03T16:00:00Z
opp_000226_1,acc_000226,98624,,,2025-06-02T16:00:00Z,closed_won,2025-04-14T16:00:00Z
opp_000237_1,acc_000237,16269,,,2024-07-26T16:00:00Z,closed_won,2024-07-02T16:00:00Z
opp_000245_1,acc_000245,276150,ae_007,,,proposal,2026-07-29T16:00:00Z
opp_000260_1,acc_000260,469200,,,2024-10-07T16:00:00Z,closed_won,2024-07-26T16:00:00Z
opp_000264_1,acc_000264,8208,,,2026-01-27T16:00:00Z,closed_won,2025-11-13T16:00:00Z
opp_000269_1,acc_000269,19950,,no budget,2025-12-12T16:00:00Z,closed_lost,2025-10-30T16:00:00Z
opp_000273_1,acc_000273,170544,,price,2025-09-23T16:00:00Z,closed_lost,2025-08-24T16:00:00Z
opp_000277_1,acc_000277,69201,ae_007,,,discovery,2026-07-09T16:00:00Z
opp_000280_1,acc_000280,7200,,price,2025-07-02T16:00:00Z,closed_lost,2025-04-25T16:00:00Z
opp_000285_1,acc_000285,34340,,no budget,2025-06-18T16:00:00Z,closed_lost,2025-05-23T16:00:00Z
opp_000286_1,acc_000286,97650,,,2025-07-14T16:00:00Z,closed_won,2025-04-30T16:00:00Z
opp_000289_1,acc_000289,112608,,timing,2026-08-20T16:00:00Z,closed_lost,2026-06-02T16:00:00Z
opp_000294_1,acc_000294,14805,,no budget,2026-08-15T16:00:00Z,closed_lost,2026-06-05T16:00:00Z
opp_000296_1,acc_000296,17864,,,2026-09-08T16:00:00Z,closed_won,2026-08-13T16:00:00Z
opp_000299_1,acc_000299,24960,,,2026-01-25T16:00:00Z,closed_won,2025-12-12T16:00:00Z
opp_000304_1,acc_000304,498150,,,2025-08-03T16:00:00Z,closed_won,2025-07-04T16:00:00Z
opp_000309_1,acc_000309,45288,,,2025-03-22T16:00:00Z,closed_won,2024-12-27T16:00:00Z
opp_000310_1,acc_000310,40700,,chose current bank,2026-08-05T16:00:00Z,closed_lost,2026-06-02T16:00:00Z
opp_000314_1,acc_000314,91448,,,2025-06-22T16:00:00Z,closed_won,2025-04-01T16:00:00Z
opp_000335_1,acc_000335,251896,,price,2026-03-22T16:00:00Z,closed_lost,2026-03-05T16:00:00Z
opp_000360_1,acc_000360,11085,ae_031,,,discovery,2026-07-16T16:00:00Z
opp_000361_1,acc_000361,21900,ae_039,,,demo,2026-08-13T16:00:00Z
opp_000366_1,acc_000366,30128,,,2025-07-12T16:00:00Z,closed_won,2025-05-25T16:00:00Z
opp_000368_1,acc_000368,32701,,no budget,2026-04-19T16:00:00Z,closed_lost,2026-04-02T16:00:00Z
opp_000372_1,acc_000372,144022,,,2026-04-15T16:00:00Z,closed_won,2026-03-08T16:00:00Z
opp_000380_1,acc_000380,221182,,price,2025-06-13T16:00:00Z,closed_lost,2025-05-21T16:00:00Z
opp_000384_1,acc_000384,4152,,,2025-01-26T16:00:00Z,closed_won,2024-12-21T16:00:00Z
opp_000393_1,acc_000393,9025,,no response,2026-08-14T16:00:00Z,closed_lost,2026-07-04T16:00:00Z
opp_000394_1,acc_000394,41078,,,2024-07-16T16:00:00Z,closed_won,2024-06-10T16:00:00Z
opp_000396_1,acc_000396,29388,ae_027,,,proposal,2026-06-12T16:00:00Z
opp_000402_1,acc_000402,28080,,price,2025-10-16T16:00:00Z,closed_lost,2025-08-07T16:00:00Z
opp_000410_1,acc_000410,240456,,no response,2026-08-19T16:00:00Z,closed_lost,2026-07-22T16:00:00Z
opp_000415_1,acc_000415,50784,,no response,2025-12-12T16:00:00Z,closed_lost,2025-10-20T16:00:00Z
opp_000417_1,acc_000417,7051,,timing,2025-10-10T16:00:00Z,closed_lost,2025-09-21T16:00:00Z
opp_000424_1,acc_000424,8496,,,2026-07-04T16:00:00Z,closed_won,2026-06-04T16:00:00Z
opp_000426_1,acc_000426,4752,,no budget,2026-07-15T16:00:00Z,closed_lost,2026-05-13T16:00:00Z
opp_000430_1,acc_000430,11934,,,2026-04-20T16:00:00Z,closed_won,2026-03-26T16:00:00Z
opp_000432_1,acc_000432,13518,,no response,2026-07-18T16:00:00Z,closed_lost,2026-05-20T16:00:00Z
opp_000436_1,acc_000436,72020,,chose current bank,2025-10-26T16:00:00Z,closed_lost,2025-08-21T16:00:00Z
opp_000440_1,acc_000440,12636,ae_039,,,demo,2026-07-21T16:00:00Z
opp_000442_1,acc_000442,8547,,,2025-05-12T16:00:00Z,closed_won,2025-03-21T16:00:00Z
opp_000443_1,acc_000443,279045,,no budget,2025-12-15T16:00:00Z,closed_lost,2025-10-12T16:00:00Z
opp_000450_1,acc_000450,68585,,,2024-05-18T16:00:00Z,closed_won,2024-03-10T16:00:00Z
opp_000458_1,acc_000458,14382,,,2026-05-23T16:00:00Z,closed_won,2026-04-09T16:00:00Z
opp_000460_1,acc_000460,804640,,,2025-08-10T16:00:00Z,closed_won,2025-05-15T16:00:00Z
opp_000461_1,acc_000461,13120,,no response,2026-09-18T16:00:00Z,closed_lost,2026-07-09T16:00:00Z
opp_000462_1,acc_000462,94696,,,2025-11-05T16:00:00Z,closed_won,2025-09-04T16:00:00Z
opp_000463_1,acc_000463,37111,,price,2025-10-26T16:00:00Z,closed_lost,2025-08-28T16:00:00Z
opp_000472_1,acc_000472,3696,,,2025-05-08T16:00:00Z,closed_won,2025-02-27T16:00:00Z
opp_000477_1,acc_000477,2695,,,2026-08-29T16:00:00Z,closed_won,2026-08-04T16:00:00Z
opp_000478_1,acc_000478,87381,,,2025-10-11T16:00:00Z,closed_won,2025-09-18T16:00:00Z
opp_000486_1,acc_000486,48576,,,2024-05-27T16:00:00Z,closed_won,2024-03-22T16:00:00Z
opp_000496_1,acc_000496,15476,,chose current bank,2025-05-31T16:00:00Z,closed_lost,2025-05-13T16:00:00Z
opp_000500_1,acc_000500,83952,,,2026-07-19T16:00:00Z,closed_won,2026-06-26T16:00:00Z
