suppression_id,scope,reason,account_id,contact_id,email,domain,source,added_at
sup_000005_1,contact,hard_bounce,acc_000005,con_000005_1,beatriz.valdes@bacimedical.cl.example,,email_provider,2026-03-11T16:00:00Z
sup_000005_2,contact,hard_bounce,acc_000005,con_000005_2,andrea.martinez@bacimedical.cl.example,,email_provider,2026-03-06T16:00:00Z
sup_000020_1,contact,unsubscribe,acc_000020,con_000020_1,raul.pena@panem.co.example,,email_provider,2026-03-05T16:00:00Z
sup_000020_2,contact,unsubscribe,acc_000020,con_000020_2,gabriel.castro@panem.co.example,,email_provider,2026-02-27T16:00:00Z
sup_000047_1,contact,unsubscribe,acc_000047,con_000047_1,jose.reyes@tramarplastics.mx.example,,email_provider,2026-07-05T16:00:00Z
sup_000047_2,contact,unsubscribe,acc_000047,con_000047_2,leticia.aguilar@tramarplastics.mx.example,,email_provider,2025-12-09T16:00:00Z
sup_000047_3,contact,unsubscribe,acc_000047,con_000047_3,sergio.cardenas@tramarplastics.mx.example,,email_provider,2026-09-07T16:00:00Z
sup_000047_4,contact,unsubscribe,acc_000047,con_000047_4,hector.ramirez@tramarplastics.mx.example,,email_provider,2026-09-07T16:00:00Z
sup_000076_1,contact,unsubscribe,acc_000076,con_000076_2,elena.pena@yraqui.mx.example,,email_provider,2026-03-08T16:00:00Z
sup_000112_1,contact,unsubscribe,acc_000112,con_000112_1,rafaelgonzalez80@gmail.example,,email_provider,2026-09-12T16:00:00Z
sup_000112_2,contact,unsubscribe,acc_000112,con_000112_2,oscar.ramos@arlisclinic.cl.example,,email_provider,2025-09-15T16:00:00Z
sup_000146_1,contact,hard_bounce,acc_000146,con_000146_1,victor.diaz@vilodigital.co.example,,email_provider,2026-08-03T16:00:00Z
sup_000146_2,contact,hard_bounce,acc_000146,con_000146_2,carolina.ortiz@vilodigital.co.example,,email_provider,2026-02-12T16:00:00Z
sup_000146_3,contact,hard_bounce,acc_000146,con_000146_3,cesar.rojas@vilodigital.co.example,,email_provider,2025-12-09T16:00:00Z
sup_000146_4,contact,hard_bounce,acc_000146,con_000146_4,santiago.zamora@vilodigital.co.example,,email_provider,2025-09-07T16:00:00Z
sup_000191_1,contact,unsubscribe,acc_000191,con_000191_1,hector.navarro@gima.cl.example,,email_provider,2026-01-13T16:00:00Z
sup_000191_2,contact,unsubscribe,acc_000191,con_000191_2,andres.hernandez@gima.cl.example,,email_provider,2026-09-05T16:00:00Z
sup_000239_1,domain,spam_complaint,acc_000239,,,dorsafarms.mx.example,crm,2026-09-25T16:00:00Z
sup_000246_1,contact,unsubscribe,acc_000246,con_000246_1,maria.contreras@dormarenergy.mx.example,,email_provider,2026-04-06T16:00:00Z
sup_000261_1,contact,unsubscribe,acc_000261,con_000261_4,daniel.sanchez@ciminlogistics.ar.example,,email_provider,2026-03-24T16:00:00Z
sup_000281_1,contact,unsubscribe,acc_000281,con_000281_2,sebastian.flores@belpandigital.mx.example,,email_provider,2025-11-06T16:00:00Z
sup_000290_1,contact,unsubscribe,acc_000290,con_000290_2,roberto.martinez@ulmerpetrochemicals.cl.example,,email_provider,2026-06-26T16:00:00Z
sup_000293_1,domain,spam_complaint,acc_000293,,,panniconsulting.br.example,crm,2026-09-04T16:00:00Z
sup_000342_1,contact,unsubscribe,acc_000342,con_000342_1,gabriel.fernandez@renixmanufacturing.ar.example,,email_provider,2025-10-09T16:00:00Z
sup_000348_1,contact,unsubscribe,acc_000348,con_000348_1,fernanda.nunes@nexpiagro.br.example,,email_provider,2026-06-03T16:00:00Z
sup_000376_1,contact,unsubscribe,acc_000376,con_000376_1,diego.diaz@kaoradvisors.cl.example,,email_provider,2026-06-27T16:00:00Z
sup_000400_1,contact,unsubscribe,acc_000400,con_000400_2,alejandro.romero@marfotech.pe.example,,email_provider,2025-10-11T16:00:00Z
sup_000403_1,contact,unsubscribe,acc_000403,con_000403_1,mateus.fernandes@bacifarms.br.example,,email_provider,2025-11-30T16:00:00Z
sup_000405_1,contact,unsubscribe,acc_000405,con_000405_3,javier.cortes@cicitravel.mx.example,,email_provider,2026-07-21T16:00:00Z
