delivery_id,event_id,type,account_id,perturbation,expected_handling,expected_action,reason_codes,best_contact_id,wait_until,scenario,malformed_kind,duplicate_of,label,route_to_ae_id,route_reason,cancel_pending_outreach,state_changed_by,scope,contact_id
dlv_aabe3b655b4d4e,evt_d4601fbb1a08,account_targeted,acc_000152,none,process,contact,"[""ELIGIBLE""]",con_000152_3,,clean_prospect,,,,,,,,,
dlv_c1c7ac0cf26181,evt_3a9a05b2ac6e,account_targeted,acc_000403,none,process,contact,"[""ELIGIBLE""]",con_000403_2,,partial_contact_suppression,,,,,,,,,
dlv_7dcb484bb8d33f,evt_4a5d5cc66cee,account_targeted,acc_000454,none,process,contact,"[""ELIGIBLE""]",con_000454_1,,clean_prospect,,,,,,,,,
dlv_486742e02bae37,evt_f480876aef6c,account_targeted,acc_000168,none,process,suppress,"[""ACTIVE_OPPORTUNITY""]",,,active_opportunity,,,,,,,,,
dlv_d114e39f8fa3a1,evt_d78c3646c814,account_targeted,acc_000313,none,process,handoff_ae,"[""AE_ASSIGNED""]",,,ae_assigned,,,,,,,,,
dlv_5a917d9a36b941,evt_cfce921e671f,account_targeted,acc_000176,none,process,contact,"[""ELIGIBLE""]",con_000176_1,,clean_prospect,,,,,,,,,
dlv_8524bce7e0920b,evt_1def86a3e573,account_targeted,acc_000125,none,process,enrich,"[""NO_VALID_EMAIL""]",,,missing_data,,,,,,,,,
dlv_d73db5dc5038d4,evt_e204cf96d99c,account_targeted,acc_000233,none,process,wait,"[""RECENT_OUTREACH""]",,2026-10-05T14:01:00Z,recent_outreach,,,,,,,,,
dlv_bb1cfc8baf32e5,evt_7c7ac5abffc6,account_targeted,acc_000062,none,process,contact,"[""ELIGIBLE""]",con_000062_1,,clean_prospect,,,,,,,,,
dlv_6d84f42e15f522,evt_ae5432862f82,account_targeted,acc_000104,none,process,wait,"[""RECENT_OUTREACH""]",,2026-10-02T06:13:00Z,recent_outreach,,,,,,,,,
dlv_5f2b17a4a7aa3c,evt_110dad08c58b,account_targeted,acc_000028,none,process,suppress,"[""NOT_ICP""]",,,low_icp,,,,,,,,,
dlv_2d07e5abf4b0fa,evt_ac52fdcdbcd6,account_targeted,acc_000192,none,process,suppress,"[""ACTIVE_OPPORTUNITY""]",,,active_opportunity,,,,,,,,,
dlv_02b3416af8ceb4,evt_942bbb1c18d1,account_targeted,acc_000495,none,process,contact,"[""ELIGIBLE""]",con_000495_1,,clean_prospect,,,,,,,,,
dlv_13a788ad3c3c2d,evt_45763d2cd5bc,account_targeted,acc_000201,none,process,suppress,"[""NOT_ICP""]",,,low_icp,,,,,,,,,
dlv_5dade7d2a19a22,evt_9d1fa236e308,account_targeted,acc_000383,none,process,wait,"[""SEQUENCE_EXHAUSTED""]",,2026-12-26T07:26:00Z,max_touches_no_reply,,,,,,,,,
dlv_9eee28cd522696,evt_81edeee50f2f,account_targeted,acc_000154,none,process,wait,"[""RECENT_OUTREACH""]",,2026-10-12T01:30:00Z,recent_outreach,,,,,,,,,
dlv_b2759dd836be05,evt_06b23e32941b,account_targeted,acc_000002,none,process,contact,"[""ELIGIBLE""]",con_000002_1,,clean_prospect,,,,,,,,,
dlv_75a0631e819951,evt_c75ea9069aec,account_targeted,acc_000298,none,process,contact,"[""ELIGIBLE""]",con_000298_1,,clean_prospect,,,,,,,,,
dlv_8100b13b60050a,evt_34a6c992b72d,account_targeted,acc_000174,none,process,contact,"[""ELIGIBLE""]",con_000174_1,,clean_prospect,,,,,,,,,
dlv_35842a96862f3c,evt_c49df348e5b5,account_targeted,acc_000357,none,process,handoff_ae,"[""AE_ASSIGNED""]",,,ae_assigned,,,,,,,,,
dlv_0cb7c07a0dd584,evt_4e5f71a1af10,account_targeted,acc_000087,none,process,handoff_ae,"[""AE_ASSIGNED""]",,,ae_assigned,,,,,,,,,
dlv_c83b0ca818a5e3,evt_d2e659d7e109,account_targeted,acc_000265,none,process,wait,"[""RECENT_OUTREACH""]",,2026-10-12T10:16:00Z,recent_outreach,,,,,,,,,
dlv_b98f0632392487,evt_4fe72c01e702,account_targeted,acc_000335,none,process,contact,"[""ELIGIBLE""]",con_000335_2,,clean_prospect,,,,,,,,,
dlv_11f558d05292e1,evt_e287ce2ab6d0,account_targeted,acc_000282,none,process,contact,"[""ELIGIBLE""]",con_000282_3,,clean_prospect,,,,,,,,,
dlv_e2e565b90051fb,evt_dc497168768a,account_targeted,acc_000268,none,process,wait,"[""RECENT_OUTREACH""]",,2026-10-05T09:39:00Z,recent_outreach,,,,,,,,,
dlv_3aad09dccdfd9f,evt_130c2f1bff70,account_targeted,acc_000224,none,process,suppress,"[""NOT_ICP""]",,,low_icp,,,,,,,,,
dlv_0dc295b1cdf2fd,evt_0ee1d6288450,account_targeted,acc_000114,none,process,suppress,"[""NOT_ICP""]",,,low_icp,,,,,,,,,
dlv_201794cb4bb7bf,evt_7cdc81a761c3,account_targeted,acc_000426,none,process,wait,"[""CLOSED_LOST_COOLDOWN""]",,2026-10-13T16:00:00Z,closed_lost_recent,,,,,,,,,
dlv_df92e34e12ab5f,evt_cfb93ebac7ed,account_targeted,acc_000258,none,process,wait,"[""RECENT_OUTREACH""]",,2026-10-02T17:58:00Z,recent_outreach,,,,,,,,,
dlv_75d4243e7361dc,evt_72f4b82fa50c,account_targeted,acc_000435,none,process,wait,"[""RECENT_OUTREACH""]",,2026-10-13T08:20:00Z,recent_outreach,,,,,,,,,
dlv_d725409b6fba3b,evt_757352d4b586,account_targeted,acc_000133,none,process,wait,"[""RECENT_OUTREACH""]",,2026-10-07T01:36:00Z,recent_outreach,,,,,,,,,
dlv_9f9da6951fdaf6,evt_2ea97d0051f5,account_targeted,acc_000463,none,process,contact,"[""ELIGIBLE""]",con_000463_1,,clean_prospect,,,,,,,,,
dlv_a96a75af6ca17d,evt_2ad5b2a58b92,account_targeted,acc_000378,none,process,contact,"[""ELIGIBLE""]",con_000378_1,,clean_prospect,,,,,,,,,
dlv_993bc10af05f59,evt_15808d9a2ec0,account_targeted,acc_000488,none,process,enrich,"[""STALE_ENRICHMENT""]",,,missing_data,,,,,,,,,
dlv_7916025d50382b,evt_66bc651ceacf,account_targeted,acc_000058,none,process,handoff_ae,"[""AE_ASSIGNED""]",,,ae_assigned,,,,,,,,,
dlv_c09a02e30b1e26,evt_bf146716f2f3,account_targeted,acc_000219,none,process,contact,"[""ELIGIBLE""]",con_000219_1,,clean_prospect,,,,,,,,,
dlv_1b2b02caa9977b,evt_8c3768489728,account_targeted,acc_000164,none,process,contact,"[""ELIGIBLE""]",con_000164_1,,clean_prospect,,,,,,,,,
dlv_23e4290c1b7152,evt_7b9908569a46,account_targeted,acc_000117,none,process,suppress,"[""CUSTOMER""]",,,customer,,,,,,,,,
dlv_bb66cfb822b299,evt_f95c776c3e7b,account_targeted,acc_000492,none,process,wait,"[""RECENT_OUTREACH""]",,2026-10-03T22:12:00Z,recent_outreach,,,,,,,,,
dlv_f2e993cc9d3f55,evt_e8de4fa18b6a,account_targeted,acc_000183,none,process,suppress,"[""CUSTOMER""]",,,customer,,,,,,,,,
dlv_f32d0dc6d46b4d,evt_db25f4cc4035,account_targeted,acc_000356,none,process,wait,"[""RECENT_OUTREACH""]",,2026-10-04T20:13:00Z,recent_outreach,,,,,,,,,
dlv_18a939c5fa7959,evt_6dbd82da1c85,account_targeted,acc_000041,none,process,wait,"[""SEQUENCE_EXHAUSTED""]",,2026-11-18T18:39:00Z,max_touches_no_reply,,,,,,,,,
dlv_185a1f286718e8,evt_6b93bf7ebe69,account_targeted,acc_000057,none,process,contact,"[""ELIGIBLE""]",con_000057_3,,clean_prospect,,,,,,,,,
dlv_a533c5f606a42a,evt_42e543ec1634,account_targeted,acc_000135,none,process,suppress,"[""NOT_ICP""]",,,low_icp,,,,,,,,,
dlv_a64b6a0be79410,evt_0ad8ca718a90,account_targeted,acc_000093,none,process,wait,"[""RECENT_OUTREACH""]",,2026-10-13T13:52:00Z,recent_outreach,,,,,,,,,
dlv_d91386837eed8a,evt_06c461085985,account_targeted,acc_000085,none,process,suppress,"[""CUSTOMER""]",,,customer,,,,,,,,,
dlv_19efb393bcfd36,evt_62efe468a4f7,account_targeted,acc_000009,none,process,suppress,"[""NOT_ICP""]",,,low_icp,,,,,,,,,
dlv_253d1272822e56,evt_57e5e8298d11,account_targeted,acc_000139,none,process,contact,"[""ELIGIBLE""]",con_000139_4,,clean_prospect,,,,,,,,,
dlv_56fb8a8ec84228,evt_d0e517184a6b,account_targeted,acc_000188,none,process,wait,"[""RECENT_OUTREACH""]",,2026-10-13T19:24:00Z,recent_outreach,,,,,,,,,
dlv_9d2fe14f7af559,evt_dac9b601ce53,account_targeted,acc_000204,none,process,escalate_human,"[""STATE_CONFLICT""]",,,conflict_state,,,,,,,,,
dlv_0945db7e5392b0,evt_911718422224,account_targeted,acc_000239,none,process,suppress,"[""SPAM_COMPLAINT""]",,,suppressed,,,,,,,,,
dlv_81737a927f6667,evt_0dc55e8fa9ab,account_targeted,acc_000056,none,process,wait,"[""RECENT_OUTREACH""]",,2026-10-04T02:41:00Z,recent_outreach,,,,,,,,,
dlv_056518895859f2,evt_1c6c90ffe71f,account_targeted,acc_000234,none,process,contact,"[""ELIGIBLE""]",con_000234_1,,clean_prospect,,,,,,,,,
dlv_8b1340620f537c,evt_8edeaadcc1a5,account_targeted,acc_000351,none,process,enrich,"[""NO_VALID_EMAIL""]",,,missing_data,,,,,,,,,
dlv_7afb1ae2ca745c,evt_4640d8738b11,account_targeted,acc_000052,none,process,suppress,"[""CUSTOMER""]",,,customer,,,,,,,,,
dlv_695d5b5f400b2c,evt_65ece0805582,account_targeted,acc_000132,none,process,escalate_human,"[""STATE_CONFLICT""]",,,conflict_state,,,,,,,,,
dlv_f1e6b3c0ddfc5c,evt_d6a705b30d3b,account_targeted,acc_000399,none,process,contact,"[""ELIGIBLE""]",con_000399_3,,clean_prospect,,,,,,,,,
dlv_77cae40e2bd2cf,evt_ae2b529b95e4,account_targeted,acc_000227,none,process,contact,"[""ELIGIBLE""]",con_000227_1,,clean_prospect,,,,,,,,,
dlv_468719f675927e,evt_88f499dfe4e3,account_targeted,acc_000283,none,process,wait,"[""RECENT_OUTREACH""]",,2026-10-07T17:31:00Z,recent_outreach,,,,,,,,,
dlv_94e557f2075987,evt_5797eb33fdb7,account_targeted,acc_000075,none,process,suppress,"[""NOT_ICP""]",,,low_icp,,,,,,,,,
dlv_feff5569a32438,evt_d7c6e80afe96,account_targeted,acc_000238,none,process,contact,"[""ELIGIBLE""]",con_000238_1,,clean_prospect,,,,,,,,,
dlv_044bf14a9a1417,evt_c558a278cfd9,account_targeted,acc_000345,none,process,contact,"[""ELIGIBLE""]",con_000345_1,,clean_prospect,,,,,,,,,
dlv_274d7a2bf6dbe4,evt_81a41d60880f,account_targeted,acc_000094,none,process,contact,"[""ELIGIBLE""]",con_000094_1,,clean_prospect,,,,,,,,,
dlv_b2e1b969202c0c,evt_91749a623900,account_targeted,acc_000345,malformed,dead_letter,,,,,,payload_wrong_type,,,,,,,,
dlv_e0fb847ec92c3a,evt_08337a189f9f,account_targeted,acc_000153,none,process,wait,"[""RECENT_OUTREACH""]",,2026-10-08T17:32:00Z,recent_outreach,,,,,,,,,
dlv_53c01b8f1502f2,evt_3f524de823cf,account_targeted,acc_000115,none,process,enrich,"[""NO_VALID_EMAIL""]",,,missing_data,,,,,,,,,
dlv_f07c84916bd35b,evt_e33631757aa2,account_targeted,acc_000304,none,process,escalate_human,"[""CHURNED_CUSTOMER""]",,,churned_customer,,,,,,,,,
dlv_7fd6b9c2b94930,evt_6ce9ef4324ac,account_targeted,acc_000024,none,process,suppress,"[""CUSTOMER""]",,,customer,,,,,,,,,
dlv_533c546eacaa06,evt_8fcfd250f406,account_targeted,acc_000315,none,process,contact,"[""ELIGIBLE""]",con_000315_2,,clean_prospect,,,,,,,,,
dlv_50dcb3852ef671,evt_a38bdab1dcc3,account_targeted,acc_000185,none,process,contact,"[""ELIGIBLE""]",con_000185_1,,clean_prospect,,,,,,,,,
dlv_bd5d9af278a2aa,evt_656601461aea,account_targeted,acc_000291,none,process,contact,"[""ELIGIBLE""]",con_000291_1,,clean_prospect,,,,,,,,,
dlv_c52b038dde498b,evt_0ddb0699a30c,account_targeted,acc_000350,none,process,contact,"[""ELIGIBLE""]",con_000350_1,,clean_prospect,,,,,,,,,
dlv_722d2136afd224,evt_9891ac8ac77e,account_targeted,acc_000007,none,process,wait,"[""RECENT_OUTREACH""]",,2026-10-08T06:43:00Z,recent_outreach,,,,,,,,,
dlv_c4ce3be051c1f3,evt_1206c283cd70,account_targeted,acc_000083,none,process,contact,"[""ELIGIBLE""]",con_000083_1,,clean_prospect,,,,,,,,,
dlv_5fe28c980231f9,evt_7de2d57ec8ea,account_targeted,acc_000376,none,process,contact,"[""ELIGIBLE""]",con_000376_2,,partial_contact_suppression,,,,,,,,,
dlv_8023026dd5784d,evt_16cd4892312c,account_targeted,acc_000326,none,process,contact,"[""ELIGIBLE""]",con_000326_3,,clean_prospect,,,,,,,,,
dlv_c4a2ceb889b1ef,evt_44987e3027cf,account_targeted,acc_000404,none,process,contact,"[""ELIGIBLE""]",con_000404_1,,clean_prospect,,,,,,,,,
dlv_6b7beebf87c345,evt_56243850d666,account_targeted,acc_000016,none,process,handoff_ae,"[""AE_ASSIGNED""]",,,ae_assigned,,,,,,,,,
dlv_5394d66db0b952,evt_2430f013d719,account_targeted,acc_000173,none,process,handoff_ae,"[""AE_ASSIGNED""]",,,ae_assigned,,,,,,,,,
dlv_22e33e8b24bd5c,evt_d07f47bc0ae5,account_targeted,acc_000121,none,process,handoff_ae,"[""AE_ASSIGNED""]",,,ae_assigned,,,,,,,,,
dlv_f622d1a6aa23e5,evt_7b617ba6aef8,account_targeted,acc_000241,none,process,escalate_human,"[""DUPLICATE_ACCOUNT""]",,,duplicate_domain,,,,,,,,,
dlv_f83d739e418d88,evt_92dd6df97a4e,account_targeted,acc_000314,none,process,suppress,"[""CUSTOMER""]",,,customer,,,,,,,,,
dlv_dff69fe14afa2e,evt_34823f4b4794,account_targeted,acc_000365,none,process,contact,"[""ELIGIBLE""]",con_000365_1,,clean_prospect,,,,,,,,,
dlv_9e4f268676747a,evt_e70a5f39ef79,account_targeted,acc_000197,none,process,wait,"[""RECENT_OUTREACH""]",,2026-10-12T00:48:00Z,recent_outreach,,,,,,,,,
dlv_6e885339d837b5,evt_30dceffeaf42,account_targeted,acc_000452,none,process,contact,"[""ELIGIBLE""]",con_000452_1,,clean_prospect,,,,,,,,,
dlv_381050da45b2e2,evt_eccdb0bcac07,account_targeted,acc_000270,none,process,enrich,"[""NO_CONTACTS""]",,,missing_data,,,,,,,,,
dlv_8a007b3ba3c1d9,evt_c226ec359579,account_targeted,acc_000027,none,process,contact,"[""ELIGIBLE""]",con_000027_2,,clean_prospect,,,,,,,,,
dlv_3a820ebd9ecad7,evt_b4b229189379,account_targeted,acc_000272,none,process,contact,"[""ELIGIBLE""]",con_000272_5,,clean_prospect,,,,,,,,,
dlv_f4e9fcf98a2737,evt_91d7ebc1eed4,account_targeted,acc_000196,none,process,enrich,"[""NO_CONTACTS""]",,,missing_data,,,,,,,,,
dlv_bfc3f5aff5900e,evt_218bf5b45769,account_targeted,acc_000386,none,process,suppress,"[""NOT_ICP""]",,,low_icp,,,,,,,,,
dlv_c548564bec303e,evt_6facac88ae5b,account_targeted,acc_000358,none,process,wait,"[""RECENT_OUTREACH""]",,2026-10-05T07:38:00Z,recent_outreach,,,,,,,,,
dlv_30f8fbd5fd26f1,evt_8562955c764b,account_targeted,acc_000116,none,process,contact,"[""ELIGIBLE""]",con_000116_1,,clean_prospect,,,,,,,,,
dlv_aa37b2bf320182,evt_bbb4a40852e7,account_targeted,acc_000477,none,process,escalate_human,"[""STATE_CONFLICT""]",,,conflict_state,,,,,,,,,
dlv_35b9e65ea083eb,evt_bc1594a792b6,account_targeted,acc_000377,none,process,contact,"[""ELIGIBLE""]",con_000377_1,,clean_prospect,,,,,,,,,
dlv_eb17a7f36eea82,evt_ed40ead26345,account_targeted,acc_000040,none,process,wait,"[""RECENT_OUTREACH""]",,2026-10-03T05:45:00Z,recent_outreach,,,,,,,,,
dlv_1b25f80bfb6ff4,evt_48346e316ef9,account_targeted,acc_000309,none,process,suppress,"[""CUSTOMER""]",,,customer,,,,,,,,,
dlv_d35c9691e3ceac,evt_90f6232d3cb3,account_targeted,acc_000366,none,process,escalate_human,"[""CHURNED_CUSTOMER""]",,,churned_customer,,,,,,,,,
dlv_49f61830d44094,evt_935654cf38e9,account_targeted,acc_000137,none,process,wait,"[""RECENT_OUTREACH""]",,2026-10-09T10:24:00Z,recent_outreach,,,,,,,,,
dlv_4fc15aede35318,evt_6f878bc1930d,account_targeted,acc_000430,none,process,suppress,"[""CUSTOMER""]",,,customer,,,,,,,,,
dlv_b2af7d4908a810,evt_28431f342f3d,account_targeted,acc_000496,none,process,contact,"[""ELIGIBLE""]",con_000496_2,,clean_prospect,,,,,,,,,
dlv_419cfe12021248,evt_1148c59d6818,account_targeted,acc_000084,none,process,enrich,"[""NO_VALID_EMAIL""]",,,missing_data,,,,,,,,,
dlv_a03d38e518c3e0,evt_eb677190473c,account_targeted,acc_000447,none,process,wait,"[""RECENT_OUTREACH""]",,2026-10-13T20:27:00Z,recent_outreach,,,,,,,,,
dlv_f66bd9bac6e010,evt_072df7b5afe9,account_targeted,acc_000425,none,process,suppress,"[""NOT_ICP""]",,,low_icp,,,,,,,,,
dlv_3a3f51af733f6a,evt_42371b265c5a,account_targeted,acc_000412,none,process,contact,"[""ELIGIBLE""]",con_000412_3,,clean_prospect,,,,,,,,,
dlv_7815ec0ef54a7b,evt_c7cdd07f54e3,account_targeted,acc_000172,none,process,suppress,"[""NOT_ICP""]",,,low_icp,,,,,,,,,
dlv_5007de430e0cfc,evt_34c9183cefd3,account_targeted,acc_000264,none,process,suppress,"[""CUSTOMER""]",,,customer,,,,,,,,,
dlv_aa0d7381258ddf,evt_49e72fb5b5fe,account_targeted,acc_000364,none,process,contact,"[""ELIGIBLE""]",con_000364_3,,clean_prospect,,,,,,,,,
dlv_58888afccfa53c,evt_3a692ea0730e,account_targeted,acc_000130,none,process,escalate_human,"[""DUPLICATE_ACCOUNT""]",,,duplicate_domain,,,,,,,,,
dlv_7925a002d9ca55,evt_7826ed62f73c,account_targeted,acc_000396,none,process,suppress,"[""ACTIVE_OPPORTUNITY""]",,,active_opportunity,,,,,,,,,
dlv_a354c8727b3ad5,evt_dad7012ce727,account_targeted,acc_000118,none,process,suppress,"[""CUSTOMER""]",,,customer,,,,,,,,,
dlv_5341bb635c521a,evt_656a3ba0855f,account_targeted,acc_000109,none,process,contact,"[""ELIGIBLE""]",con_000109_2,,clean_prospect,,,,,,,,,
dlv_f2c79496b6b88e,evt_28d64a1349c2,account_targeted,acc_000242,none,process,contact,"[""ELIGIBLE""]",con_000242_2,,clean_prospect,,,,,,,,,
dlv_6f284617858723,evt_aa5b16d86f4f,account_targeted,acc_000343,none,process,contact,"[""ELIGIBLE""]",con_000343_1,,clean_prospect,,,,,,,,,
dlv_3906a86274083e,evt_4b7beb1ef197,account_targeted,acc_000209,none,process,escalate_human,"[""STATE_CONFLICT""]",,,conflict_state,,,,,,,,,
dlv_4e90d306e92b34,evt_dcddc624d94c,account_targeted,acc_000330,none,process,handoff_ae,"[""AE_ASSIGNED""]",,,ae_assigned,,,,,,,,,
dlv_a69bf9966d171a,evt_abec041e7445,account_targeted,acc_000205,none,process,contact,"[""ELIGIBLE""]",con_000205_1,,clean_prospect,,,,,,,,,
dlv_e554938ace3e2f,evt_9272a1ebf8b3,account_targeted,acc_000341,none,process,contact,"[""ELIGIBLE""]",con_000341_2,,clean_prospect,,,,,,,,,
dlv_56c451770ea606,evt_7d7174de9c4e,account_targeted,acc_000208,none,process,suppress,"[""ACTIVE_OPPORTUNITY""]",,,active_opportunity,,,,,,,,,
dlv_40f3638e38a892,evt_44f170bfd885,account_targeted,acc_000277,none,process,suppress,"[""ACTIVE_OPPORTUNITY""]",,,active_opportunity,,,,,,,,,
dlv_8ef489f1c82783,evt_78b684d9eed5,account_targeted,acc_000302,none,process,handoff_ae,"[""AE_ASSIGNED""]",,,ae_assigned,,,,,,,,,
dlv_73c649b5aa971f,evt_fb8dbc6f0fb6,account_targeted,acc_000142,none,process,wait,"[""RECENT_OUTREACH""]",,2026-10-10T22:09:00Z,recent_outreach,,,,,,,,,
dlv_2f97ea46bfcd8e,evt_86d7180f2ee3,account_targeted,acc_000407,none,process,wait,"[""RECENT_OUTREACH""]",,2026-10-12T08:16:00Z,recent_outreach,,,,,,,,,
dlv_af63e9d5c61455,evt_3b11ab2baf80,account_targeted,acc_000078,none,process,suppress,"[""NOT_ICP""]",,,low_icp,,,,,,,,,
dlv_81923b1bd4a8b3,evt_6be3a011804b,account_targeted,acc_000130,malformed,dead_letter,,,,,,account_not_found,,,,,,,,
dlv_4595bb8c6016bf,evt_2aa8bdaf206b,account_targeted,acc_000040,malformed,dead_letter,,,,,,unsupported_schema,,,,,,,,
dlv_7e8e624529c738,evt_1d1955c4d1ec,account_targeted,acc_000309,semantic_duplicate,ignore_duplicate,,,,,,,dlv_1b25f80bfb6ff4,,,,,,,
dlv_a3b5657ea523ed,evt_466736a245a9,account_targeted,acc_000227,semantic_duplicate,ignore_duplicate,,,,,,,dlv_77cae40e2bd2cf,,,,,,,
dlv_7279dbe106d281,evt_a2295c70501b,account_targeted,acc_000326,semantic_duplicate,ignore_duplicate,,,,,,,dlv_8023026dd5784d,,,,,,,
dlv_c05d401239818c,evt_b21a3fb62d4e,account_targeted,acc_000453,delayed,process,handoff_ae,"[""AE_ASSIGNED""]",,,ae_assigned,,,,,,,,,
dlv_7ebae37426268a,evt_7c2c9be51659,reply_received,acc_000498,none,process,suppress,"[""UNSUBSCRIBE""]",,,recent_outreach,,,unsubscribe,,,,,,
dlv_4a5e82c1c7c99f,evt_d3b7a6760618,account_targeted,acc_000387,delayed,process,contact,"[""ELIGIBLE""]",con_000387_4,,clean_prospect,,,,,,,,,
dlv_c0e985a921e34f,evt_c09b8f0c3d5c,reply_received,acc_000498,semantic_duplicate,ignore_duplicate,,,,,,,dlv_7ebae37426268a,,,,,,,
dlv_1e0a7121de8df3,evt_f0f2ce3ad196,reply_received,acc_000398,none,process,escalate_human,"[""PROMPT_INJECTION""]",,,recent_outreach,,,prompt_injection,,,,,,
dlv_f2f592a11a53fa,evt_acd4cd0ea601,account_targeted,acc_000200,delayed,process,wait,"[""RECENT_OUTREACH""]",,2026-10-09T01:46:00Z,recent_outreach,,,,,,,,,
dlv_af6ed553c0d898,evt_5b854f0bf272,account_targeted,acc_000119,delayed,process,contact,"[""ELIGIBLE""]",con_000119_1,,clean_prospect,,,,,,,,,
dlv_353e88a6b23ea1,evt_b4eca0115dff,account_targeted,acc_000400,delayed,process,contact,"[""ELIGIBLE""]",con_000400_1,,partial_contact_suppression,,,,,,,,,
dlv_23d372a9061c77,evt_8a90f726d16a,account_targeted,acc_000123,delayed,process,contact,"[""ELIGIBLE""]",con_000123_1,,clean_prospect,,,,,,,,,
dlv_24d591b414f08d,evt_c88257785cd3,account_targeted,acc_000212,delayed,process,wait,"[""RECENT_OUTREACH""]",,2026-10-02T07:39:00Z,recent_outreach,,,,,,,,,
dlv_238f947a32c94e,evt_55da48b654c4,reply_received,acc_000133,none,process,enrich,"[""WRONG_PERSON""]",,,recent_outreach,,,wrong_person,,,,,,
dlv_67e23df9e6f2b1,evt_7f74538f22ed,reply_received,acc_000134,none,process,suppress,"[""UNSUBSCRIBE""]",,,customer,,,unsubscribe,,,,,,
dlv_92698eb336f82a,evt_a9d5eb4cceca,reply_received,acc_000311,none,process,handoff_ae,"[""INTERESTED""]",,,recent_outreach,,,interested,ae_023,TERRITORY,,,,
dlv_9a7914fd1d159f,evt_ecac97220212,reply_received,acc_000042,none,process,escalate_human,"[""OBJECTION""]",,,recent_outreach,,,objection,,,,,,
dlv_a749ec756fe5a4,evt_d2c82cc1935f,opportunity_stage_changed,acc_000015,none,process,update_state,"[""OPP_STAGE_CHANGED""]",,,active_opportunity,,,,,,,,,
dlv_723d040e249ac2,evt_4786891e700a,reply_received,acc_000462,none,process,escalate_human,"[""AMBIGUOUS""]",,,customer,,,ambiguous,,,,,,
dlv_9905f50c88fde2,evt_59e801885808,account_targeted,acc_000065,none,process,contact,"[""ELIGIBLE""]",con_000065_1,,clean_prospect,,,,,,,,,
dlv_805423648e97cf,evt_07a6e31b8f3f,account_targeted,acc_000042,none,process,wait,"[""RECENT_OUTREACH""]",,2026-10-01T18:03:00Z,recent_outreach,,,,,,,,,
dlv_1f5e307e50ee86,evt_5d51f7704efb,account_targeted,acc_000159,none,process,contact,"[""ELIGIBLE""]",con_000159_1,,clean_prospect,,,,,,,,,
dlv_a0428e9a3693d4,evt_2229715c6985,account_targeted,acc_000269,none,process,contact,"[""ELIGIBLE""]",con_000269_1,,clean_prospect,,,,,,,,,
dlv_282820f735c1fc,evt_45580a30a049,account_targeted,acc_000297,none,process,suppress,"[""NOT_ICP""]",,,low_icp,,,,,,,,,
dlv_051a74bcf8dd78,evt_089cec520970,account_targeted,acc_000257,none,process,wait,"[""RECENT_OUTREACH""]",,2026-10-10T04:28:00Z,recent_outreach,,,,,,,,,
dlv_1c09fcd2328137,evt_b78c8cc7c657,account_targeted,acc_000287,none,process,handoff_ae,"[""AE_ASSIGNED""]",,,ae_assigned,,,,,,,,,
dlv_99d5eaaed2c427,evt_a58577a5834a,account_targeted,acc_000076,none,process,contact,"[""ELIGIBLE""]",con_000076_4,,partial_contact_suppression,,,,,,,,,
dlv_cf3ca66d127c22,evt_378f96697acd,account_targeted,acc_000048,none,process,wait,"[""SEQUENCE_EXHAUSTED""]",,2026-12-30T11:44:00Z,max_touches_no_reply,,,,,,,,,
dlv_31e7b81292c0f8,evt_3d42873b464b,account_targeted,acc_000380,none,process,contact,"[""ELIGIBLE""]",con_000380_1,,clean_prospect,,,,,,,,,
dlv_639a5ca6264d49,evt_fb314cdd4e15,account_targeted,acc_000088,none,process,suppress,"[""COMPETITOR""]",,,suppressed,,,,,,,,,
dlv_6195222f821b54,evt_e8e7a6f8f3aa,account_targeted,acc_000411,none,process,contact,"[""ELIGIBLE""]",con_000411_4,,clean_prospect,,,,,,,,,
dlv_7022083a12734d,evt_42ca9dcb27d9,account_targeted,acc_000324,none,process,wait,"[""RECENT_OUTREACH""]",,2026-10-02T02:43:00Z,recent_outreach,,,,,,,,,
dlv_98bc00eb94b8f1,evt_035392a50f92,account_targeted,acc_000150,none,process,contact,"[""ELIGIBLE""]",con_000150_1,,clean_prospect,,,,,,,,,
dlv_7f3ea5441a4e74,evt_0bb161d24b36,account_targeted,acc_000444,none,process,suppress,"[""NOT_ICP""]",,,low_icp,,,,,,,,,
dlv_98e2d059716d85,evt_99d671866dd4,account_targeted,acc_000113,none,process,contact,"[""ELIGIBLE""]",con_000113_1,,clean_prospect,,,,,,,,,
dlv_a8721ebe29aba9,evt_aaa106218424,account_targeted,acc_000251,none,process,handoff_ae,"[""AE_ASSIGNED""]",,,ae_assigned,,,,,,,,,
dlv_6019ecdd5c1e7e,evt_12d3ed698842,account_targeted,acc_000271,none,process,contact,"[""ELIGIBLE""]",con_000271_1,,clean_prospect,,,,,,,,,
dlv_5693a27803159e,evt_aa656e13460f,account_targeted,acc_000161,none,process,suppress,"[""CUSTOMER""]",,,customer,,,,,,,,,
dlv_3a590de58ae029,evt_11745ba9a1cf,account_targeted,acc_000332,none,process,handoff_ae,"[""AE_ASSIGNED""]",,,ae_assigned,,,,,,,,,
dlv_64dbbfbee607f7,evt_8dcec7c522ae,account_targeted,acc_000236,none,process,suppress,"[""NOT_ICP""]",,,low_icp,,,,,,,,,
dlv_1952595f842918,evt_0e7cade542e5,account_targeted,acc_000388,none,process,contact,"[""ELIGIBLE""]",con_000388_2,,clean_prospect,,,,,,,,,
dlv_ab80120478a233,evt_b1861ef8ae05,account_targeted,acc_000455,none,process,contact,"[""ELIGIBLE""]",con_000455_3,,clean_prospect,,,,,,,,,
dlv_4b3b49bd3c3064,evt_dcd5f4ef9bc1,account_targeted,acc_000275,none,process,contact,"[""ELIGIBLE""]",con_000275_1,,clean_prospect,,,,,,,,,
dlv_e250ac5f019502,evt_23303787f19a,account_targeted,acc_000129,none,process,wait,"[""RECENT_OUTREACH""]",,2026-10-13T19:10:00Z,recent_outreach,,,,,,,,,
dlv_118310c216c900,evt_36ace54e5d58,account_targeted,acc_000331,none,process,escalate_human,"[""DUPLICATE_ACCOUNT""]",,,duplicate_domain,,,,,,,,,
dlv_b7d30132650bd6,evt_55559306ca15,account_targeted,acc_000043,none,process,contact,"[""ELIGIBLE""]",con_000043_1,,clean_prospect,,,,,,,,,
dlv_766d8eff7ef277,evt_f291f7c1954f,account_targeted,acc_000273,none,process,contact,"[""ELIGIBLE""]",con_000273_2,,clean_prospect,,,,,,,,,
dlv_cff55a896c25d6,evt_74dfd47e4f5e,account_targeted,acc_000381,none,process,contact,"[""ELIGIBLE""]",con_000381_1,,clean_prospect,,,,,,,,,
dlv_6f54feba7f4875,evt_1acef9a0665a,account_targeted,acc_000165,none,process,contact,"[""ELIGIBLE""]",con_000165_2,,clean_prospect,,,,,,,,,
dlv_e3b55e6335116a,evt_c5592703f3d0,account_targeted,acc_000177,none,process,contact,"[""ELIGIBLE""]",con_000177_3,,clean_prospect,,,,,,,,,
dlv_73ee591d484837,evt_e6f9456926d1,account_targeted,acc_000147,none,process,contact,"[""ELIGIBLE""]",con_000147_1,,clean_prospect,,,,,,,,,
dlv_f21e08d9e8fe2b,evt_d9c6d85e0765,account_targeted,acc_000380,malformed,dead_letter,,,,,,unsupported_schema,,,,,,,,
dlv_2d1254a19ba94f,evt_9d7b745f982a,account_targeted,acc_000008,none,process,contact,"[""ELIGIBLE""]",con_000008_1,,clean_prospect,,,,,,,,,
dlv_d5dc5c3e1a0c48,evt_f2e70648ac4d,account_targeted,acc_000018,none,process,escalate_human,"[""DUPLICATE_ACCOUNT""]",,,duplicate_domain,,,,,,,,,
dlv_bd9b0f29a0c77c,evt_7ed014fae001,account_targeted,acc_000397,none,process,contact,"[""ELIGIBLE""]",con_000397_1,,clean_prospect,,,,,,,,,
dlv_08c5871c6d66fa,evt_7582571eede4,account_targeted,acc_000049,none,process,contact,"[""ELIGIBLE""]",con_000049_2,,clean_prospect,,,,,,,,,
dlv_3b2ab8ff005cf3,evt_36ee256ab658,account_targeted,acc_000429,none,process,handoff_ae,"[""AE_ASSIGNED""]",,,ae_assigned,,,,,,,,,
dlv_ae0c0b5a40482e,evt_a21b43394033,account_targeted,acc_000067,none,process,contact,"[""ELIGIBLE""]",con_000067_2,,clean_prospect,,,,,,,,,
dlv_bdaf12805e3e98,evt_125d8d76f66d,account_targeted,acc_000225,none,process,wait,"[""RECENT_OUTREACH""]",,2026-10-11T00:52:00Z,recent_outreach,,,,,,,,,
dlv_686f5cf21d79b9,evt_5adf432894bc,account_targeted,acc_000379,none,process,contact,"[""ELIGIBLE""]",con_000379_4,,clean_prospect,,,,,,,,,
dlv_7ba39c92ea7bd5,evt_72862fc92cc0,account_targeted,acc_000256,none,process,contact,"[""ELIGIBLE""]",con_000256_3,,clean_prospect,,,,,,,,,
dlv_f90cd48055658b,evt_a5a71463b78b,account_targeted,acc_000420,none,process,escalate_human,"[""ENRICHMENT_EXHAUSTED""]",,,missing_data,,,,,,,,,
dlv_51e1ef00a4b9e0,evt_9e8929a12eb4,account_targeted,acc_000296,none,process,escalate_human,"[""STATE_CONFLICT""]",,,conflict_state,,,,,,,,,
dlv_d64b25debc6131,evt_a35460d2037a,account_targeted,acc_000011,none,process,contact,"[""ELIGIBLE""]",con_000011_2,,clean_prospect,,,,,,,,,
dlv_c1e14a94f0379f,evt_c25342a40cb6,account_targeted,acc_000456,none,process,escalate_human,"[""DUPLICATE_ACCOUNT""]",,,duplicate_domain,,,,,,,,,
dlv_02783b7d54690a,evt_ffac33481879,account_targeted,acc_000220,none,process,suppress,"[""ACTIVE_OPPORTUNITY""]",,,active_opportunity,,,,,,,,,
dlv_72d27440899a30,evt_167891916292,account_targeted,acc_000240,none,process,contact,"[""ELIGIBLE""]",con_000240_1,,clean_prospect,,,,,,,,,
dlv_4a7a1d9769a80d,evt_5ba700837990,account_targeted,acc_000336,none,process,wait,"[""RECENT_OUTREACH""]",,2026-10-01T19:41:00Z,recent_outreach,,,,,,,,,
dlv_6ed03cca75f4d6,evt_5e154fe697bf,account_targeted,acc_000353,none,process,handoff_ae,"[""AE_ASSIGNED""]",,,ae_assigned,,,,,,,,,
dlv_4c89ca6f6eee10,evt_f23d09a24baf,account_targeted,acc_000112,none,process,suppress,"[""UNSUBSCRIBED""]",,,suppressed,,,,,,,,,
dlv_2df594896aa71e,evt_b18a8aa7a40c,account_targeted,acc_000216,none,process,handoff_ae,"[""AE_ASSIGNED""]",,,ae_assigned,,,,,,,,,
dlv_219ca6c6ba6e89,evt_d0fd09c293d9,account_targeted,acc_000475,none,process,contact,"[""ELIGIBLE""]",con_000475_1,,clean_prospect,,,,,,,,,
dlv_ab7d33e1ff5360,evt_1ec8eb553711,account_targeted,acc_000449,none,process,contact,"[""ELIGIBLE""]",con_000449_1,,clean_prospect,,,,,,,,,
dlv_0457c9c6968b1c,evt_b64082002f07,account_targeted,acc_000279,none,process,contact,"[""ELIGIBLE""]",con_000279_1,,clean_prospect,,,,,,,,,
dlv_252f84cf30a621,evt_530a885810a5,account_targeted,acc_000472,none,process,escalate_human,"[""CHURNED_CUSTOMER""]",,,churned_customer,,,,,,,,,
dlv_66e28ff46ec041,evt_07e9c47ff11a,account_targeted,acc_000319,none,process,enrich,"[""NO_VALID_EMAIL""]",,,missing_data,,,,,,,,,
dlv_876dd7fbe26264,evt_3d0cbf873bd7,account_targeted,acc_000038,none,process,escalate_human,"[""CHURNED_CUSTOMER""]",,,churned_customer,,,,,,,,,
dlv_7d147a90249c41,evt_e2f185963121,account_targeted,acc_000334,none,process,enrich,"[""NO_VALID_EMAIL""]",,,missing_data,,,,,,,,,
dlv_d277d43a5c8de2,evt_05b3a1542fcb,account_targeted,acc_000156,none,process,contact,"[""ELIGIBLE""]",con_000156_1,,clean_prospect,,,,,,,,,
dlv_7afbb86e396148,evt_ecce8a78c5b9,account_targeted,acc_000105,none,process,suppress,"[""NOT_ICP""]",,,low_icp,,,,,,,,,
dlv_4c32747592ce35,evt_70d03fe1f53a,account_targeted,acc_000061,none,process,escalate_human,"[""DUPLICATE_ACCOUNT""]",,,duplicate_domain,,,,,,,,,
dlv_5d58233e6c58c8,evt_f71927cad385,account_targeted,acc_000081,none,process,suppress,"[""CUSTOMER""]",,,customer,,,,,,,,,
dlv_eee862aec54dab,evt_ec02443aa01b,account_targeted,acc_000352,none,process,wait,"[""RECENT_OUTREACH""]",,2026-10-07T16:02:00Z,recent_outreach,,,,,,,,,
dlv_006b13f7c5f51d,evt_142b0d50b5cb,account_targeted,acc_000406,none,process,contact,"[""ELIGIBLE""]",con_000406_2,,clean_prospect,,,,,,,,,
dlv_ce331e2fc534fb,evt_6a288397a90e,account_targeted,acc_000459,none,process,enrich,"[""MISSING_FIRMOGRAPHICS""]",,,missing_data,,,,,,,,,
dlv_3314fac0b7579c,evt_8defbf3196f9,account_targeted,acc_000260,none,process,suppress,"[""CUSTOMER""]",,,customer,,,,,,,,,
dlv_e7312fee633b8c,evt_f5709bce8cd3,account_targeted,acc_000401,none,process,wait,"[""RECENT_OUTREACH""]",,2026-10-08T21:18:00Z,recent_outreach,,,,,,,,,
dlv_00f945631813d3,evt_88d1a0843286,account_targeted,acc_000479,none,process,escalate_human,"[""STATE_CONFLICT""]",,,conflict_state,,,,,,,,,
dlv_cb339d4b20b492,evt_9d793e872f71,account_targeted,acc_000098,none,process,contact,"[""ELIGIBLE""]",con_000098_1,,clean_prospect,,,,,,,,,
dlv_f501ce3a1cd655,evt_fde70e2df76d,account_targeted,acc_000441,none,process,contact,"[""ELIGIBLE""]",con_000441_1,,clean_prospect,,,,,,,,,
dlv_7cfa62e3ab8543,evt_30ac13e79012,account_targeted,acc_000361,none,process,suppress,"[""ACTIVE_OPPORTUNITY""]",,,active_opportunity,,,,,,,,,
dlv_dcf3d31ce8e1d6,evt_9c29fc2384cf,account_targeted,acc_000457,none,process,contact,"[""ELIGIBLE""]",con_000457_1,,clean_prospect,,,,,,,,,
dlv_1f7d5a3a52d51a,evt_2c7d4a52e9e6,account_targeted,acc_000143,none,process,handoff_ae,"[""AE_ASSIGNED""]",,,ae_assigned,,,,,,,,,
dlv_8818d2072e244f,evt_5ccd8665f441,account_targeted,acc_000217,none,process,handoff_ae,"[""AE_ASSIGNED""]",,,ae_assigned,,,,,,,,,
dlv_5b2c864c99ca54,evt_7d6019782018,account_targeted,acc_000436,none,process,contact,"[""ELIGIBLE""]",con_000436_2,,clean_prospect,,,,,,,,,
dlv_b6aafcbd36fcdd,evt_44192fef4bc3,account_targeted,acc_000489,none,process,handoff_ae,"[""AE_ASSIGNED""]",,,ae_assigned,,,,,,,,,
dlv_ed131499568b15,evt_bf171c80363e,account_targeted,acc_000285,none,process,contact,"[""ELIGIBLE""]",con_000285_2,,clean_prospect,,,,,,,,,
dlv_2dd7c51e26c874,evt_ad7401a6c7e4,account_targeted,acc_000202,none,process,suppress,"[""CUSTOMER""]",,,customer,,,,,,,,,
dlv_735655235f7763,evt_530a885810a5,account_targeted,acc_000472,exact_duplicate,ignore_duplicate,,,,,,,dlv_252f84cf30a621,,,,,,,
dlv_bff9f83638075b,evt_45848eabebf5,account_targeted,acc_000059,none,process,enrich,"[""NO_VALID_EMAIL""]",,,missing_data,,,,,,,,,
dlv_6ea47062283fd4,evt_371b0ab6bbf9,account_targeted,acc_000021,none,process,suppress,"[""CUSTOMER""]",,,customer,,,,,,,,,
dlv_30c5521742e087,evt_e986ba01c56e,account_targeted,acc_000086,none,process,contact,"[""ELIGIBLE""]",con_000086_1,,clean_prospect,,,,,,,,,
dlv_68475a0ecc4266,evt_c33801f9b852,account_targeted,acc_000180,none,process,handoff_ae,"[""AE_ASSIGNED""]",,,ae_assigned,,,,,,,,,
dlv_7af7fbf971df5d,evt_44192fef4bc3,account_targeted,acc_000489,exact_duplicate,ignore_duplicate,,,,,,,dlv_b6aafcbd36fcdd,,,,,,,
dlv_5e4e76898d54a2,evt_82f2eb9748fa,account_targeted,acc_000046,none,process,wait,"[""RECENT_OUTREACH""]",,2026-10-07T11:05:00Z,recent_outreach,,,,,,,,,
dlv_4ee1235edffd93,evt_e4edf739f32a,account_targeted,acc_000136,none,process,suppress,"[""ACTIVE_OPPORTUNITY""]",,,active_opportunity,,,,,,,,,
dlv_7b4b73b1c91f1b,evt_9f2c37106ee0,account_targeted,acc_000218,none,process,contact,"[""ELIGIBLE""]",con_000218_1,,clean_prospect,,,,,,,,,
dlv_e0977f7b573caa,evt_f342c41a674d,account_targeted,acc_000036,none,process,contact,"[""ELIGIBLE""]",con_000036_1,,clean_prospect,,,,,,,,,
dlv_15718543e513b3,evt_7d19bf57b904,account_targeted,acc_000465,none,process,contact,"[""ELIGIBLE""]",con_000465_1,,clean_prospect,,,,,,,,,
dlv_0146128956352b,evt_dd580625f3bd,account_targeted,acc_000230,none,process,contact,"[""ELIGIBLE""]",con_000230_2,,clean_prospect,,,,,,,,,
dlv_87daa2b017eb66,evt_9c9c1653e77c,account_targeted,acc_000228,none,process,contact,"[""ELIGIBLE""]",con_000228_1,,clean_prospect,,,,,,,,,
dlv_24190f264641d7,evt_f7f4d6351348,account_targeted,acc_000226,none,process,suppress,"[""CUSTOMER""]",,,customer,,,,,,,,,
dlv_103863a83e3612,evt_fc8d3b33f847,account_targeted,acc_000030,none,process,contact,"[""ELIGIBLE""]",con_000030_1,,clean_prospect,,,,,,,,,
dlv_ff6f3b6a6bd9e5,evt_731ba74deec5,account_targeted,acc_000354,none,process,contact,"[""ELIGIBLE""]",con_000354_1,,clean_prospect,,,,,,,,,
dlv_d2060adf0f6913,evt_96b485e58abe,account_targeted,acc_000255,none,process,contact,"[""ELIGIBLE""]",con_000255_1,,clean_prospect,,,,,,,,,
dlv_73f64a74546aea,evt_5b3669389196,account_targeted,acc_000409,none,process,wait,"[""RECENT_OUTREACH""]",,2026-10-08T21:31:00Z,recent_outreach,,,,,,,,,
dlv_549b8d7cdc58e7,evt_2a4e50df8697,account_targeted,acc_000167,none,process,enrich,"[""NO_CONTACTS""]",,,missing_data,,,,,,,,,
dlv_5b042b4ef1f98b,evt_511e63a427c7,account_targeted,acc_000478,none,process,suppress,"[""CUSTOMER""]",,,customer,,,,,,,,,
dlv_81ec1e65362c39,evt_fadfe30087f4,account_targeted,acc_000445,none,process,contact,"[""ELIGIBLE""]",con_000445_1,,clean_prospect,,,,,,,,,
dlv_7cfd3cb1fc03a7,evt_9fe3a22a8e92,account_targeted,acc_000311,none,process,wait,"[""RECENT_OUTREACH""]",,2026-10-08T09:10:00Z,recent_outreach,,,,,,,,,
dlv_54ef3c0f0157fd,evt_ab1974a231e0,account_targeted,acc_000211,none,process,suppress,"[""ACTIVE_OPPORTUNITY""]",,,active_opportunity,,,,,,,,,
dlv_18150970b4fec9,evt_cfa9159c14d0,account_targeted,acc_000438,none,process,handoff_ae,"[""AE_ASSIGNED""]",,,ae_assigned,,,,,,,,,
dlv_5e110e52a393b7,evt_5a8817d52171,account_targeted,acc_000006,none,process,contact,"[""ELIGIBLE""]",con_000006_1,,clean_prospect,,,,,,,,,
dlv_d5466d00666788,evt_148a71430e57,account_targeted,acc_000151,none,process,contact,"[""ELIGIBLE""]",con_000151_2,,clean_prospect,,,,,,,,,
dlv_d0706dc9376699,evt_8ef120dbcf7c,account_targeted,acc_000424,none,process,suppress,"[""CUSTOMER""]",,,customer,,,,,,,,,
dlv_f4f90e4db33a90,evt_deae3f615085,account_targeted,acc_000179,none,process,contact,"[""ELIGIBLE""]",con_000179_1,,race_late_opportunity,,,,,,,,,
dlv_d9f668a50731af,evt_bc69a1014f2b,account_targeted,acc_000323,none,process,escalate_human,"[""DUPLICATE_ACCOUNT""]",,,duplicate_domain,,,,,,,,,
dlv_cc228f67ee8b2a,evt_0804c3ba6469,account_targeted,acc_000050,none,process,contact,"[""ELIGIBLE""]",con_000050_1,,clean_prospect,,,,,,,,,
dlv_73db61e81c1a99,evt_5916a1a52d2a,account_targeted,acc_000415,none,process,contact,"[""ELIGIBLE""]",con_000415_2,,clean_prospect,,,,,,,,,
dlv_ef22abefa37663,evt_bcda2979efb5,account_targeted,acc_000301,none,process,contact,"[""ELIGIBLE""]",con_000301_4,,clean_prospect,,,,,,,,,
dlv_58d023587c33cd,evt_4a2e1b6a33bb,account_targeted,acc_000203,none,process,wait,"[""SEQUENCE_EXHAUSTED""]",,2026-11-10T22:08:00Z,max_touches_no_reply,,,,,,,,,
dlv_db23c383f69d76,evt_3ef305c70223,account_targeted,acc_000456,content_duplicate,dedupe_by_content,,,,,,,dlv_c1e14a94f0379f,,,,,,,
dlv_c930bfe8641581,evt_fcd7b7a32a9f,account_targeted,acc_000367,none,process,contact,"[""ELIGIBLE""]",con_000367_3,,clean_prospect,,,,,,,,,
dlv_3b3dd725b5c863,evt_8d44f702e8f8,account_targeted,acc_000054,none,process,handoff_ae,"[""AE_ASSIGNED""]",,,ae_assigned,,,,,,,,,
dlv_28ea55166138a2,evt_64e2c85d5da7,account_targeted,acc_000226,malformed,dead_letter,,,,,,missing_account_id,,,,,,,,
dlv_3aa12a9b8401c6,evt_0bb161d24b36,account_targeted,acc_000444,exact_duplicate,ignore_duplicate,,,,,,,dlv_7f3ea5441a4e74,,,,,,,
dlv_c7c55de4060fee,evt_bcda2979efb5,account_targeted,acc_000301,exact_duplicate,ignore_duplicate,,,,,,,dlv_ef22abefa37663,,,,,,,
dlv_a9e4ff0857b7e6,evt_476a856c9c50,account_targeted,acc_000156,content_duplicate,dedupe_by_content,,,,,,,dlv_d277d43a5c8de2,,,,,,,
dlv_485663cf20e3cb,evt_6efa6b42d418,account_targeted,acc_000042,semantic_duplicate,ignore_duplicate,,,,,,,dlv_805423648e97cf,,,,,,,
dlv_f1ffa204f57840,evt_98d59077ff1d,meeting_booked,acc_000311,none,process,handoff_ae,"[""MEETING_BOOKED""]",,,recent_outreach,,,,ae_023,TERRITORY,,,,
dlv_ce138c78cc0e3a,evt_5418d681ca16,opportunity_created,acc_000179,out_of_order_race,process_and_reconcile,suppress,"[""ACTIVE_OPPORTUNITY""]",,,race_late_opportunity,,,,,,True,,,
dlv_e311fac9912e50,evt_5418d681ca16,opportunity_created,acc_000179,exact_duplicate,ignore_duplicate,,,,,,,dlv_ce138c78cc0e3a,,,,,,,
dlv_d299c50cbbd58c,evt_9d6bcd03d3df,reply_received,acc_000278,none,process,wait,"[""NOT_NOW""]",,,ae_assigned,,,not_now,,,,,,
dlv_84356549cd9aac,evt_4c52527e4277,reply_received,acc_000208,none,process,wait,"[""NOT_NOW""]",,,active_opportunity,,,not_now,,,,,,
dlv_2f33f0978f19e7,evt_2586fed7a10c,account_targeted,acc_000473,none,process,contact,"[""ELIGIBLE""]",con_000473_2,,clean_prospect,,,,,,,,,
dlv_50f666e3b1f0b9,evt_e24bc7d27930,account_targeted,acc_000394,none,process,suppress,"[""CUSTOMER""]",,,customer,,,,,,,,,
dlv_16b7b8b67a9e23,evt_136a5e11ad78,account_targeted,acc_000107,none,process,contact,"[""ELIGIBLE""]",con_000107_3,,clean_prospect,,,,,,,,,
dlv_f508e73f165d81,evt_5cef9759f5ec,account_targeted,acc_000439,none,process,contact,"[""ELIGIBLE""]",con_000439_1,,clean_prospect,,,,,,,,,
dlv_9eb02db8d78e86,evt_b10e68d41675,account_targeted,acc_000252,none,process,contact,"[""ELIGIBLE""]",con_000252_1,,clean_prospect,,,,,,,,,
dlv_be3a28ee4cfe13,evt_c7659faad090,account_targeted,acc_000485,none,process,contact,"[""ELIGIBLE""]",con_000485_2,,clean_prospect,,,,,,,,,
dlv_cb530a569558c5,evt_ae69966920a6,account_targeted,acc_000082,none,process,contact,"[""ELIGIBLE""]",con_000082_2,,race_late_unsubscribe,,,,,,,,,
dlv_d0fb9a68b2cd89,evt_e08a39dde16e,account_targeted,acc_000418,none,process,enrich,"[""UNVERIFIED_EMAIL_ONLY""]",,,missing_data,,,,,,,,,
dlv_e094026a06b752,evt_4e67b4e678fe,account_targeted,acc_000434,none,process,wait,"[""RECENT_OUTREACH""]",,2026-10-02T05:39:00Z,recent_outreach,,,,,,,,,
dlv_e571708596eee4,evt_d83a1992db1f,account_targeted,acc_000337,none,process,wait,"[""SEQUENCE_EXHAUSTED""]",,2026-12-03T22:59:00Z,max_touches_no_reply,,,,,,,,,
dlv_42559016f0666c,evt_a6696f84a564,account_targeted,acc_000474,none,process,handoff_ae,"[""AE_ASSIGNED""]",,,ae_assigned,,,,,,,,,
dlv_2cb3712f5e701a,evt_ef37437d8223,account_targeted,acc_000245,none,process,suppress,"[""ACTIVE_OPPORTUNITY""]",,,active_opportunity,,,,,,,,,
dlv_bd28bb397e38b3,evt_a87654a57465,account_targeted,acc_000392,none,process,handoff_ae,"[""AE_ASSIGNED""]",,,ae_assigned,,,,,,,,,
dlv_58bb3c1991aab9,evt_a3c6f020c420,account_targeted,acc_000469,none,process,wait,"[""RECENT_OUTREACH""]",,2026-10-06T13:59:00Z,recent_outreach,,,,,,,,,
dlv_00d67388a695e4,evt_c10033613b08,account_targeted,acc_000247,none,process,suppress,"[""NOT_ICP""]",,,low_icp,,,,,,,,,
dlv_1bdb81d35ab2f0,evt_7f460b88d321,account_targeted,acc_000039,none,process,contact,"[""ELIGIBLE""]",con_000039_1,,clean_prospect,,,,,,,,,
dlv_ee55824bc82033,evt_99591b6efd2e,account_targeted,acc_000333,none,process,contact,"[""ELIGIBLE""]",con_000333_1,,clean_prospect,,,,,,,,,
dlv_89de884850dc3d,evt_eafbfdc9bf72,account_targeted,acc_000432,none,process,wait,"[""CLOSED_LOST_COOLDOWN""]",,2026-10-16T16:00:00Z,closed_lost_recent,,,,,,,,,
dlv_dd2ea6f4b358ca,evt_78454bba44d7,account_targeted,acc_000390,none,process,contact,"[""ELIGIBLE""]",con_000390_5,,clean_prospect,,,,,,,,,
dlv_d8841f0a2e4bfb,evt_865c088c4d68,account_targeted,acc_000060,none,process,contact,"[""ELIGIBLE""]",con_000060_1,,clean_prospect,,,,,,,,,
dlv_b8188c0aa694c9,evt_745f127e1867,account_targeted,acc_000047,none,process,suppress,"[""UNSUBSCRIBED""]",,,suppressed,,,,,,,,,
dlv_8d0cd32bf92281,evt_ae94dc0f1bd2,account_targeted,acc_000292,none,process,wait,"[""RECENT_OUTREACH""]",,2026-10-08T14:00:00Z,recent_outreach,,,,,,,,,
dlv_78148ae58b324f,evt_68a84e7fa410,account_targeted,acc_000368,none,process,contact,"[""ELIGIBLE""]",con_000368_1,,clean_prospect,,,,,,,,,
dlv_69f747f9eb1b2e,evt_9daa1f738c63,account_targeted,acc_000071,none,process,contact,"[""ELIGIBLE""]",con_000071_3,,clean_prospect,,,,,,,,,
dlv_98829b22c947bc,evt_47bbd32980c1,account_targeted,acc_000443,none,process,contact,"[""ELIGIBLE""]",con_000443_1,,clean_prospect,,,,,,,,,
dlv_540464ca1cbb9c,evt_17436a9c04e5,account_targeted,acc_000101,none,process,handoff_ae,"[""AE_ASSIGNED""]",,,ae_assigned,,,,,,,,,
dlv_481ea74179b966,evt_9aaeaddd3717,account_targeted,acc_000015,none,process,handoff_ae,"[""AE_ASSIGNED""]",,,active_opportunity,,,,,,,"[""dlv_a749ec756fe5a4""]",,
dlv_1981d017f4e38d,evt_78f9f86decc4,account_targeted,acc_000360,none,process,suppress,"[""ACTIVE_OPPORTUNITY""]",,,active_opportunity,,,,,,,,,
dlv_db980ee3f44f78,evt_2804f4c1bf0e,account_targeted,acc_000070,none,process,handoff_ae,"[""AE_ASSIGNED""]",,,ae_assigned,,,,,,,,,
dlv_04b729edb86bd8,evt_82e75ff0863a,account_targeted,acc_000069,none,process,contact,"[""ELIGIBLE""]",con_000069_1,,clean_prospect,,,,,,,,,
dlv_e44429e395a5b1,evt_218edac1bfb0,account_targeted,acc_000122,none,process,contact,"[""ELIGIBLE""]",con_000122_1,,clean_prospect,,,,,,,,,
dlv_d70209c83c52bd,evt_e5dfb0283677,account_targeted,acc_000281,none,process,contact,"[""ELIGIBLE""]",con_000281_3,,partial_contact_suppression,,,,,,,,,
dlv_fd003c0d4163c4,evt_30ec2e967237,account_targeted,acc_000480,none,process,escalate_human,"[""DUPLICATE_ACCOUNT""]",,,duplicate_domain,,,,,,,,,
dlv_951fbaa0da79a4,evt_68d1da7676df,account_targeted,acc_000128,none,process,contact,"[""ELIGIBLE""]",con_000128_1,,clean_prospect,,,,,,,,,
dlv_aba28c1e4c3852,evt_324bcbf9b59b,account_targeted,acc_000055,none,process,handoff_ae,"[""AE_ASSIGNED""]",,,ae_assigned,,,,,,,,,
dlv_9c8206c6f679c6,evt_ff8053f27e8e,account_targeted,acc_000003,none,process,enrich,"[""STALE_ENRICHMENT""]",,,missing_data,,,,,,,,,
dlv_79b4b7027a87c6,evt_2804f4c1bf0e,account_targeted,acc_000070,exact_duplicate,ignore_duplicate,,,,,,,dlv_db980ee3f44f78,,,,,,,
dlv_d595150eb61212,evt_b573fd8c58a2,account_targeted,acc_000483,none,process,wait,"[""RECENT_OUTREACH""]",,2026-10-11T21:59:00Z,recent_outreach,,,,,,,,,
dlv_0c282764d0ed31,evt_c899fbfd6339,account_targeted,acc_000487,none,process,wait,"[""RECENT_OUTREACH""]",,2026-10-13T22:01:00Z,recent_outreach,,,,,,,,,
dlv_b093f43b9120ee,evt_89020d2107d9,account_targeted,acc_000111,none,process,contact,"[""ELIGIBLE""]",con_000111_1,,clean_prospect,,,,,,,,,
dlv_7951d9dd8cdc95,evt_cd57870776e2,account_targeted,acc_000423,none,process,contact,"[""ELIGIBLE""]",con_000423_3,,clean_prospect,,,,,,,,,
dlv_eb12644dca9d61,evt_b9ec97f1ebe6,account_targeted,acc_000318,none,process,contact,"[""ELIGIBLE""]",con_000318_2,,clean_prospect,,,,,,,,,
dlv_8476e5acdddac1,evt_504a4b1b0918,account_targeted,acc_000414,none,process,wait,"[""RECENT_OUTREACH""]",,2026-10-03T19:01:00Z,recent_outreach,,,,,,,,,
dlv_919fa6b1667a6d,evt_ebe86edd4135,account_targeted,acc_000471,none,process,contact,"[""ELIGIBLE""]",con_000471_1,,clean_prospect,,,,,,,,,
dlv_519a4bc964cecf,evt_8e9108a7c66f,account_targeted,acc_000001,none,process,suppress,"[""CUSTOMER""]",,,customer,,,,,,,,,
dlv_9272f0642c5900,evt_b2468e9f194a,account_targeted,acc_000198,none,process,wait,"[""RECENT_OUTREACH""]",,2026-10-11T23:03:00Z,recent_outreach,,,,,,,,,
dlv_9aa377faddc9a5,evt_3875f00782b8,account_targeted,acc_000231,none,process,contact,"[""ELIGIBLE""]",con_000231_4,,clean_prospect,,,,,,,,,
dlv_de43fd3a0c4dfe,evt_f1aede0877b3,account_targeted,acc_000191,none,process,suppress,"[""UNSUBSCRIBED""]",,,suppressed,,,,,,,,,
dlv_6b10625883ce8b,evt_3a94f9731423,account_targeted,acc_000149,none,process,wait,"[""SEQUENCE_EXHAUSTED""]",,2026-12-08T06:50:00Z,max_touches_no_reply,,,,,,,,,
dlv_acafaf1f1d0b55,evt_09ce5bf39466,account_targeted,acc_000229,none,process,handoff_ae,"[""AE_ASSIGNED""]",,,ae_assigned,,,,,,,,,
dlv_d34d696ee6ea8a,evt_e280b98ece99,account_targeted,acc_000091,none,process,handoff_ae,"[""AE_ASSIGNED""]",,,ae_assigned,,,,,,,,,
dlv_d24f7621525195,evt_269465a51d8f,account_targeted,acc_000259,none,process,handoff_ae,"[""AE_ASSIGNED""]",,,ae_assigned,,,,,,,,,
dlv_4ca85880919775,evt_44c4084e05de,account_targeted,acc_000467,none,process,wait,"[""RECENT_OUTREACH""]",,2026-10-11T10:42:00Z,recent_outreach,,,,,,,,,
dlv_d1df70e35d90ca,evt_f5de014e1055,account_targeted,acc_000261,none,process,contact,"[""ELIGIBLE""]",con_000261_3,,partial_contact_suppression,,,,,,,,,
dlv_a92b9efe1c7639,evt_22aeef539b00,account_targeted,acc_000244,none,process,enrich,"[""NO_CONTACTS""]",,,missing_data,,,,,,,,,
dlv_da85004978dc26,evt_74be24ffa34f,account_targeted,acc_000025,none,process,contact,"[""ELIGIBLE""]",con_000025_1,,clean_prospect,,,,,,,,,
dlv_61fe4e02ee6e69,evt_1e99c6fe8915,account_targeted,acc_000461,none,process,wait,"[""CLOSED_LOST_COOLDOWN""]",,2026-12-17T16:00:00Z,closed_lost_recent,,,,,,,,,
dlv_3766d0bb2f791d,evt_692ac1499342,account_targeted,acc_000064,none,process,wait,"[""SEQUENCE_EXHAUSTED""]",,2026-10-23T00:24:00Z,max_touches_no_reply,,,,,,,,,
dlv_b2b26914f5b4d3,evt_354b53f32db7,account_targeted,acc_000428,none,process,handoff_ae,"[""AE_ASSIGNED""]",,,ae_assigned,,,,,,,,,
dlv_29eaaaf227ad90,evt_2757b6d49aeb,account_targeted,acc_000410,none,process,wait,"[""CLOSED_LOST_COOLDOWN""]",,2026-11-17T16:00:00Z,closed_lost_recent,,,,,,,,,
dlv_5cd383624142d7,evt_3a7e3dd58361,account_targeted,acc_000073,none,process,suppress,"[""ACTIVE_OPPORTUNITY""]",,,active_opportunity,,,,,,,,,
dlv_d0143e2ebe50cd,evt_8e7ff759b790,account_targeted,acc_000278,none,process,handoff_ae,"[""AE_ASSIGNED""]",,,ae_assigned,,,,,,,,,
dlv_5b48d0353df971,evt_8de15001e791,account_targeted,acc_000068,none,process,wait,"[""RECENT_OUTREACH""]",,2026-10-13T06:52:00Z,recent_outreach,,,,,,,,,
dlv_9b61ecb57f0a61,evt_bd2693fce3c7,account_targeted,acc_000308,none,process,wait,"[""SEQUENCE_EXHAUSTED""]",,2026-12-12T12:26:00Z,max_touches_no_reply,,,,,,,,,
dlv_2653df870d2b9f,evt_a4abbe003cce,account_targeted,acc_000012,none,process,escalate_human,"[""STATE_CONFLICT""]",,,conflict_state,,,,,,,,,
dlv_fdb8b5d73822fb,evt_3eb087af7ba0,account_targeted,acc_000320,none,process,contact,"[""ELIGIBLE""]",con_000320_2,,clean_prospect,,,,,,,,,
dlv_bbb660452a2627,evt_3aa7d2028c78,account_targeted,acc_000262,none,process,contact,"[""ELIGIBLE""]",con_000262_1,,clean_prospect,,,,,,,,,
dlv_1e7f6b24bde490,evt_05e01c23450b,account_targeted,acc_000349,none,process,wait,"[""RECENT_OUTREACH""]",,2026-10-01T23:04:00Z,recent_outreach,,,,,,,,,
dlv_2e655cbd2fcd28,evt_2992bb401882,account_targeted,acc_000427,none,process,contact,"[""ELIGIBLE""]",con_000427_1,,clean_prospect,,,,,,,,,
dlv_4bcf3407005d9a,evt_f484f3de4882,account_targeted,acc_000253,none,process,handoff_ae,"[""AE_ASSIGNED""]",,,ae_assigned,,,,,,,,,
dlv_6295d6daff2479,evt_ba1a94f394d9,account_targeted,acc_000099,none,process,wait,"[""RECENT_OUTREACH""]",,2026-10-09T03:24:00Z,recent_outreach,,,,,,,,,
dlv_419c5788cbddf2,evt_50e4e1811ec2,account_targeted,acc_000393,none,process,wait,"[""CLOSED_LOST_COOLDOWN""]",,2026-11-12T16:00:00Z,closed_lost_recent,,,,,,,,,
dlv_0054c8e041a2d6,evt_ac3b662129cf,account_targeted,acc_000305,none,process,handoff_ae,"[""AE_ASSIGNED""]",,,ae_assigned,,,,,,,,,
dlv_c3841e73da9073,evt_1081e95d2d27,account_targeted,acc_000306,none,process,handoff_ae,"[""AE_ASSIGNED""]",,,ae_assigned,,,,,,,,,
dlv_c8dc2c293fdf95,evt_658838d45c44,account_targeted,acc_000029,none,process,contact,"[""ELIGIBLE""]",con_000029_3,,clean_prospect,,,,,,,,,
dlv_bde08f98e9fffb,evt_d706f757e323,account_targeted,acc_000300,none,process,suppress,"[""NOT_ICP""]",,,low_icp,,,,,,,,,
dlv_d9ecf67df1e9a8,evt_be3b654c2a1b,account_targeted,acc_000419,none,process,wait,"[""SEQUENCE_EXHAUSTED""]",,2026-11-18T11:06:00Z,max_touches_no_reply,,,,,,,,,
dlv_fd4a09eb974594,evt_3d46b9b30d19,account_targeted,acc_000063,none,process,wait,"[""CLOSED_LOST_COOLDOWN""]",,2026-12-08T16:00:00Z,closed_lost_recent,,,,,,,,,
dlv_838c07d86dc514,evt_c47cbf54cfc0,account_targeted,acc_000032,none,process,contact,"[""ELIGIBLE""]",con_000032_3,,clean_prospect,,,,,,,,,
dlv_3f8f3b92c58c24,evt_86523efc03f4,account_targeted,acc_000171,none,process,contact,"[""ELIGIBLE""]",con_000171_1,,clean_prospect,,,,,,,,,
dlv_2b573d762ef64a,evt_05ee310846ea,account_targeted,acc_000464,none,process,handoff_ae,"[""AE_ASSIGNED""]",,,ae_assigned,,,,,,,,,
dlv_13a6bb12a26aed,evt_ba147aa866f9,account_targeted,acc_000446,none,process,handoff_ae,"[""AE_ASSIGNED""]",,,ae_assigned,,,,,,,,,
dlv_ff63aea20600ae,evt_16873827645d,account_targeted,acc_000373,none,process,wait,"[""SEQUENCE_EXHAUSTED""]",,2026-11-23T16:43:00Z,max_touches_no_reply,,,,,,,,,
dlv_1b50b588adcb74,evt_11068d9dc92f,account_targeted,acc_000019,none,process,contact,"[""ELIGIBLE""]",con_000019_1,,clean_prospect,,,,,,,,,
dlv_a1c1a798621ea4,evt_6afa0b4bdbad,account_targeted,acc_000221,none,process,contact,"[""ELIGIBLE""]",con_000221_1,,race_late_opportunity,,,,,,,,,
dlv_4db29e143daa78,evt_8df211854318,account_targeted,acc_000175,none,process,suppress,"[""CUSTOMER""]",,,customer,,,,,,,,,
dlv_468dd8f2600e71,evt_ca2ba03f00a3,account_targeted,acc_000476,none,process,contact,"[""ELIGIBLE""]",con_000476_1,,clean_prospect,,,,,,,,,
dlv_31744b89db2cd1,evt_4eb6ae42a7a0,account_targeted,acc_000290,none,process,contact,"[""ELIGIBLE""]",con_000290_1,,partial_contact_suppression,,,,,,,,,
dlv_973ff3a31950c1,evt_eff0a98fe216,account_targeted,acc_000195,none,process,wait,"[""RECENT_OUTREACH""]",,2026-10-11T00:45:00Z,recent_outreach,,,,,,,,,
dlv_2c672044c80d4d,evt_cbb5df061553,account_targeted,acc_000451,none,process,contact,"[""ELIGIBLE""]",con_000451_2,,clean_prospect,,,,,,,,,
dlv_c8ef3549b299db,evt_d4245932deea,account_targeted,acc_000248,none,process,contact,"[""ELIGIBLE""]",con_000248_2,,clean_prospect,,,,,,,,,
dlv_08d715ce3b969f,evt_404fa15f30db,account_targeted,acc_000141,none,process,suppress,"[""NOT_ICP""]",,,low_icp,,,,,,,,,
dlv_c74e67f56ad82e,evt_6680fafe3b4b,account_targeted,acc_000044,none,process,suppress,"[""CUSTOMER""]",,,customer,,,,,,,,,
dlv_cc29a1852ec255,evt_f1aede0877b3,account_targeted,acc_000191,exact_duplicate,ignore_duplicate,,,,,,,dlv_de43fd3a0c4dfe,,,,,,,
dlv_531d602b28ca63,evt_8a48e8264961,account_targeted,acc_000004,none,process,wait,"[""CLOSED_LOST_COOLDOWN""]",,2026-12-16T16:00:00Z,closed_lost_recent,,,,,,,,,
dlv_6431172f8eac5a,evt_3a6fe052a450,account_targeted,acc_000037,none,process,enrich,"[""NO_CONTACTS""]",,,missing_data,,,,,,,,,
dlv_7071934fea07d4,evt_fa0bdb052aed,account_targeted,acc_000044,semantic_duplicate,ignore_duplicate,,,,,,,dlv_c74e67f56ad82e,,,,,,,
dlv_77f1e14ffade99,evt_9f0884253472,account_targeted,acc_000306,semantic_duplicate,ignore_duplicate,,,,,,,dlv_c3841e73da9073,,,,,,,
dlv_af2259c30bb158,evt_ccb42ef60f21,account_targeted,acc_000071,semantic_duplicate,ignore_duplicate,,,,,,,dlv_69f747f9eb1b2e,,,,,,,
dlv_3831e444587aa7,evt_c063af276c29,account_targeted,acc_000464,semantic_duplicate,ignore_duplicate,,,,,,,dlv_2b573d762ef64a,,,,,,,
dlv_cc27625573ebc8,evt_da59ab18022b,account_targeted,acc_000300,semantic_duplicate,ignore_duplicate,,,,,,,dlv_bde08f98e9fffb,,,,,,,
dlv_1ceec0bf4f2a2a,evt_d4fce7063617,reply_received,acc_000195,none,process,suppress,"[""UNSUBSCRIBE""]",,,recent_outreach,,,unsubscribe,,,,,,
dlv_03a3f3e1e5dffd,evt_b2bd8982ea1d,opportunity_created,acc_000221,out_of_order_race,process_and_reconcile,suppress,"[""ACTIVE_OPPORTUNITY""]",,,race_late_opportunity,,,,,,True,,,
dlv_63eeec3306dcf2,evt_a876d3babda8,unsubscribe_received,acc_000082,out_of_order_race,process_and_reconcile,suppress,"[""UNSUBSCRIBED""]",,,race_late_unsubscribe,,,,,,True,,contact,con_000082_2
dlv_b2688f5f1270ef,evt_cf4432627000,reply_received,acc_000446,none,process,handoff_ae,"[""OBJECTION""]",,,ae_assigned,,,objection,ae_001,OWNER,,,,
dlv_c29b13f32103e6,evt_1bd536a46f5d,reply_received,acc_000257,none,process,no_action,"[""AUTO_REPLY""]",,,recent_outreach,,,auto_reply,,,,,,
dlv_caaa7851e5cf05,evt_1bd536a46f5d,reply_received,acc_000257,exact_duplicate,ignore_duplicate,,,,,,,dlv_c29b13f32103e6,,,,,,,
dlv_3986de47f58a91,evt_b60b6aa9cb9b,account_targeted,acc_000466,delayed,process,escalate_human,"[""DUPLICATE_ACCOUNT""]",,,duplicate_domain,,,,,,,,,
dlv_75393cbc15b1a9,evt_cb5a032eecc0,reply_received,acc_000324,none,process,escalate_human,"[""EMPTY_OR_TRUNCATED""]",,,recent_outreach,,,empty_or_truncated,,,,,,
dlv_78412c4db6eeff,evt_d69df7e044f6,reply_received,acc_000093,none,process,suppress,"[""HOSTILE""]",,,recent_outreach,,,hostile,,,,,,
dlv_3b32d3d351bd7f,evt_4a86c84a73ea,account_targeted,acc_000344,none,process,contact,"[""ELIGIBLE""]",con_000344_3,,clean_prospect,,,,,,,,,
dlv_bffe005fdd51c5,evt_f96d5366dc5f,account_targeted,acc_000223,none,process,contact,"[""ELIGIBLE""]",con_000223_1,,clean_prospect,,,,,,,,,
dlv_a5d9e6e3c341cf,evt_3653983166bb,account_targeted,acc_000294,none,process,wait,"[""CLOSED_LOST_COOLDOWN""]",,2026-11-13T16:00:00Z,closed_lost_recent,,,,,,,,,
dlv_e60c4153a212be,evt_0d3a4519087f,account_targeted,acc_000310,none,process,wait,"[""CLOSED_LOST_COOLDOWN""]",,2026-11-03T16:00:00Z,closed_lost_recent,,,,,,,,,
dlv_7d10d2bc7628c6,evt_653d51738c94,account_targeted,acc_000181,none,process,suppress,"[""CUSTOMER""]",,,customer,,,,,,,,,
dlv_b3f7921595bf8c,evt_c605062502f9,account_targeted,acc_000022,none,process,contact,"[""ELIGIBLE""]",con_000022_1,,clean_prospect,,,,,,,,,
dlv_0fe87e93ab4aa3,evt_a8cf96ee83b6,account_targeted,acc_000398,none,process,wait,"[""RECENT_OUTREACH""]",,2026-10-11T21:21:00Z,recent_outreach,,,,,,,,,
dlv_bec23d857bee6c,evt_8bb4f9cf7dc7,account_targeted,acc_000437,none,process,wait,"[""SEQUENCE_EXHAUSTED""]",,2026-11-28T03:05:00Z,max_touches_no_reply,,,,,,,,,
dlv_0abdabcab6e6c9,evt_ba744837db2b,account_targeted,acc_000374,none,process,wait,"[""RECENT_OUTREACH""]",,2026-10-05T20:40:00Z,recent_outreach,,,,,,,,,
dlv_6fdb9b23d7d57c,evt_60971700ae45,account_targeted,acc_000103,none,process,contact,"[""ELIGIBLE""]",con_000103_2,,clean_prospect,,,,,,,,,
dlv_84ea505fef4225,evt_1e6f7d146ca4,account_targeted,acc_000222,none,process,wait,"[""SEQUENCE_EXHAUSTED""]",,2026-12-09T14:23:00Z,max_touches_no_reply,,,,,,,,,
dlv_3943f38920ad7a,evt_eab1f48c8b2b,account_targeted,acc_000100,none,process,handoff_ae,"[""AE_ASSIGNED""]",,,ae_assigned,,,,,,,,,
dlv_bebc05e817be47,evt_ee99ced99523,account_targeted,acc_000500,none,process,suppress,"[""CUSTOMER""]",,,customer,,,,,,,,,
dlv_9b0c5c382230a6,evt_f7a70c6c0008,account_targeted,acc_000020,none,process,suppress,"[""UNSUBSCRIBED""]",,,suppressed,,,,,,,,,
dlv_466652805c4c25,evt_8260f5fa4bdb,account_targeted,acc_000389,none,process,contact,"[""ELIGIBLE""]",con_000389_1,,clean_prospect,,,,,,,,,
dlv_6660538632dddd,evt_594ac29d6548,account_targeted,acc_000215,none,process,contact,"[""ELIGIBLE""]",con_000215_3,,clean_prospect,,,,,,,,,
dlv_5176499f2ed953,evt_07f09865d80e,account_targeted,acc_000140,none,process,contact,"[""ELIGIBLE""]",con_000140_2,,clean_prospect,,,,,,,,,
dlv_7c5874541b5637,evt_bf74c03746a0,account_targeted,acc_000458,none,process,suppress,"[""CUSTOMER""]",,,customer,,,,,,,,,
dlv_d30f3a98d69455,evt_e055f599423a,account_targeted,acc_000124,none,process,suppress,"[""CUSTOMER""]",,,customer,,,,,,,,,
dlv_bd25e490f10c1b,evt_be90bdf74553,account_targeted,acc_000499,none,process,wait,"[""SEQUENCE_EXHAUSTED""]",,2026-12-23T16:05:00Z,max_touches_no_reply,,,,,,,,,
dlv_1094e08c431c1b,evt_7ddcbab86934,account_targeted,acc_000284,none,process,wait,"[""RECENT_OUTREACH""]",,2026-10-03T09:31:00Z,recent_outreach,,,,,,,,,
dlv_952731bdeab2a6,evt_2c45f5cfd1cd,account_targeted,acc_000184,none,process,handoff_ae,"[""AE_ASSIGNED""]",,,ae_assigned,,,,,,,,,
dlv_52f85bfbcd1609,evt_7955665b06c6,account_targeted,acc_000033,none,process,wait,"[""RECENT_OUTREACH""]",,2026-10-05T19:57:00Z,recent_outreach,,,,,,,,,
dlv_517afab7610966,evt_b5cf09084073,account_targeted,acc_000363,none,process,escalate_human,"[""DUPLICATE_ACCOUNT""]",,,duplicate_domain,,,,,,,,,
dlv_3db68d2d0dbdbf,evt_aba5309aeea2,account_targeted,acc_000442,none,process,escalate_human,"[""CHURNED_CUSTOMER""]",,,churned_customer,,,,,,,,,
dlv_35a596b3437e41,evt_2c07502e9786,account_targeted,acc_000295,none,process,contact,"[""ELIGIBLE""]",con_000295_2,,race_late_unsubscribe,,,,,,,,,
dlv_a5ee0238250e89,evt_6c83aa4daef2,account_targeted,acc_000276,none,process,handoff_ae,"[""AE_ASSIGNED""]",,,ae_assigned,,,,,,,,,
dlv_33e8be1c1ea9b2,evt_f0dd7be94a10,account_targeted,acc_000005,none,process,suppress,"[""HARD_BOUNCE""]",,,suppressed,,,,,,,,,
dlv_84435c6e9fe900,evt_913788bad947,account_targeted,acc_000092,none,process,contact,"[""ELIGIBLE""]",con_000092_2,,clean_prospect,,,,,,,,,
dlv_f6a475230cd4bb,evt_089bffc019c3,account_targeted,acc_000325,none,process,contact,"[""ELIGIBLE""]",con_000325_1,,clean_prospect,,,,,,,,,
dlv_c9c696bb92ef91,evt_6437c935af3c,account_targeted,acc_000299,none,process,suppress,"[""CUSTOMER""]",,,customer,,,,,,,,,
dlv_ef25996ba92639,evt_b44239c203c0,account_targeted,acc_000417,none,process,contact,"[""ELIGIBLE""]",con_000417_2,,clean_prospect,,,,,,,,,
dlv_38efae2c45e0de,evt_ca980276560c,account_targeted,acc_000254,none,process,handoff_ae,"[""AE_ASSIGNED""]",,,ae_assigned,,,,,,,,,
dlv_381d9d9a61de5f,evt_52e36122621a,account_targeted,acc_000317,none,process,contact,"[""ELIGIBLE""]",con_000317_1,,clean_prospect,,,,,,,,,
dlv_77bcce14a8f647,evt_5b3d830ef80a,account_targeted,acc_000493,none,process,wait,"[""RECENT_OUTREACH""]",,2026-10-06T08:44:00Z,recent_outreach,,,,,,,,,
dlv_dadf1e2202a53b,evt_4d7ada289d5c,account_targeted,acc_000170,none,process,suppress,"[""CUSTOMER""]",,,customer,,,,,,,,,
dlv_12f4d630110fc6,evt_71bd7e6a8fc2,account_targeted,acc_000293,none,process,suppress,"[""SPAM_COMPLAINT""]",,,suppressed,,,,,,,,,
dlv_d0d8333b7b3554,evt_e5bb061afde2,account_targeted,acc_000316,none,process,enrich,"[""NO_VALID_EMAIL""]",,,missing_data,,,,,,,,,
dlv_746399c3a4096d,evt_2251630e7b02,account_targeted,acc_000144,none,process,escalate_human,"[""CHURNED_CUSTOMER""]",,,churned_customer,,,,,,,,,
dlv_80e5fe04b96778,evt_b60ff1323f38,account_targeted,acc_000108,none,process,wait,"[""RECENT_OUTREACH""]",,2026-10-08T09:41:00Z,recent_outreach,,,,,,,,,
dlv_7056ea29379561,evt_08ca05f848fc,account_targeted,acc_000395,none,process,contact,"[""ELIGIBLE""]",con_000395_1,,clean_prospect,,,,,,,,,
dlv_1b2fcab4e5718e,evt_e0b2faa21ce1,account_targeted,acc_000498,none,process,wait,"[""RECENT_OUTREACH""]",,2026-10-12T14:37:00Z,recent_outreach,,,,,,,,,
dlv_1d26558767735f,evt_fe66c0435b64,account_targeted,acc_000026,none,process,wait,"[""SEQUENCE_EXHAUSTED""]",,2026-12-17T04:34:00Z,max_touches_no_reply,,,,,,,,,
dlv_9e10e5845f741b,evt_26493bae13cd,account_targeted,acc_000053,none,process,wait,"[""RECENT_OUTREACH""]",,2026-10-07T07:48:00Z,recent_outreach,,,,,,,,,
dlv_144aea38aa2c9d,evt_a8cf96ee83b6,account_targeted,acc_000398,exact_duplicate,ignore_duplicate,,,,,,,dlv_0fe87e93ab4aa3,,,,,,,
dlv_d5e7ba7255d4cf,evt_700c9d1f6560,account_targeted,acc_000481,none,process,handoff_ae,"[""AE_ASSIGNED""]",,,ae_assigned,,,,,,,,,
dlv_d28200674a86e2,evt_def101a91011,account_targeted,acc_000362,none,process,contact,"[""ELIGIBLE""]",con_000362_1,,clean_prospect,,,,,,,,,
dlv_91e4adc1cad055,evt_d53d9327fa2d,account_targeted,acc_000074,none,process,suppress,"[""CUSTOMER""]",,,customer,,,,,,,,,
dlv_a701bbec707428,evt_0eaa422fce87,account_targeted,acc_000014,none,process,wait,"[""RECENT_OUTREACH""]",,2026-10-10T15:51:00Z,recent_outreach,,,,,,,,,
dlv_3bed94611360b7,evt_bbfd17ac9297,account_targeted,acc_000289,none,process,wait,"[""CLOSED_LOST_COOLDOWN""]",,2026-11-18T16:00:00Z,closed_lost_recent,,,,,,,,,
dlv_9bd3ddc2ea1ebb,evt_eb86372924d2,account_targeted,acc_000162,none,process,wait,"[""RECENT_OUTREACH""]",,2026-10-03T18:51:00Z,recent_outreach,,,,,,,,,
dlv_0d1b7273d2dff4,evt_c28e947aa18d,account_targeted,acc_000421,none,process,suppress,"[""NOT_ICP""]",,,low_icp,,,,,,,,,
dlv_7b3034bf8e647b,evt_3b324da23f74,account_targeted,acc_000193,none,process,wait,"[""SEQUENCE_EXHAUSTED""]",,2026-10-27T23:53:00Z,max_touches_no_reply,,,,,,,,,
dlv_8d6912bb98063e,evt_9a60cb3cb582,account_targeted,acc_000267,none,process,escalate_human,"[""ENRICHMENT_EXHAUSTED""]",,,missing_data,,,,,,,,,
dlv_6fd0376bc75502,evt_1c31d083173d,account_targeted,acc_000372,none,process,suppress,"[""CUSTOMER""]",,,customer,,,,,,,,,
dlv_1d303deb631092,evt_7c2d07369902,account_targeted,acc_000090,none,process,contact,"[""ELIGIBLE""]",con_000090_1,,clean_prospect,,,,,,,,,
dlv_6f126c01c442f3,evt_b0788ac20189,account_targeted,acc_000431,none,process,wait,"[""SEQUENCE_EXHAUSTED""]",,2026-12-16T08:50:00Z,max_touches_no_reply,,,,,,,,,
dlv_2e14760fef050d,evt_26493bae13cd,account_targeted,acc_000053,exact_duplicate,ignore_duplicate,,,,,,,dlv_9e10e5845f741b,,,,,,,
dlv_812a82da007df3,evt_6a3cc24e5f29,account_targeted,acc_000468,none,process,contact,"[""ELIGIBLE""]",con_000468_4,,clean_prospect,,,,,,,,,
dlv_f9f50a57d62462,evt_02b496a9615a,account_targeted,acc_000339,none,process,contact,"[""ELIGIBLE""]",con_000339_1,,clean_prospect,,,,,,,,,
dlv_d4b115647fc268,evt_75359cb22a1d,account_targeted,acc_000327,none,process,handoff_ae,"[""AE_ASSIGNED""]",,,ae_assigned,,,,,,,,,
dlv_864858fc065709,evt_218ff6053509,account_targeted,acc_000450,none,process,suppress,"[""CUSTOMER""]",,,customer,,,,,,,,,
dlv_65fe173b3af21c,evt_73ce8e4b5266,account_targeted,acc_000166,none,process,handoff_ae,"[""AE_ASSIGNED""]",,,ae_assigned,,,,,,,,,
dlv_77d8f5d9926b07,evt_ccb68bfbf66a,account_targeted,acc_000307,none,process,enrich,"[""NO_VALID_EMAIL""]",,,missing_data,,,,,,,,,
dlv_f47ad85b42495d,evt_3de45ec7d3f5,account_targeted,acc_000422,none,process,contact,"[""ELIGIBLE""]",con_000422_1,,clean_prospect,,,,,,,,,
dlv_d8cda8065f8ba7,evt_436428388fa2,account_targeted,acc_000146,none,process,suppress,"[""HARD_BOUNCE""]",,,suppressed,,,,,,,,,
dlv_8d865776a50aec,evt_61b1f567122d,account_targeted,acc_000210,none,process,handoff_ae,"[""AE_ASSIGNED""]",,,ae_assigned,,,,,,,,,
dlv_24ace53d39ffff,evt_ea30fad778dd,account_targeted,acc_000213,none,process,contact,"[""ELIGIBLE""]",con_000213_2,,clean_prospect,,,,,,,,,
dlv_84186328bccfd0,evt_af84f28404c3,account_targeted,acc_000077,none,process,contact,"[""ELIGIBLE""]",con_000077_1,,clean_prospect,,,,,,,,,
dlv_8064aec878ecac,evt_2c4f160c626b,account_targeted,acc_000384,none,process,suppress,"[""CUSTOMER""]",,,customer,,,,,,,,,
dlv_d2245e44e4907a,evt_2f35167d304d,account_targeted,acc_000214,none,process,wait,"[""RECENT_OUTREACH""]",,2026-10-05T14:47:00Z,recent_outreach,,,,,,,,,
dlv_888817cd290f78,evt_db9853241fc2,account_targeted,acc_000338,none,process,contact,"[""ELIGIBLE""]",con_000338_2,,clean_prospect,,,,,,,,,
dlv_80f0eaa10820f9,evt_707ca0020956,account_targeted,acc_000194,none,process,contact,"[""ELIGIBLE""]",con_000194_2,,clean_prospect,,,,,,,,,
dlv_cb71003e2005b3,evt_78a86824f977,account_targeted,acc_000145,none,process,wait,"[""RECENT_OUTREACH""]",,2026-10-06T22:50:00Z,recent_outreach,,,,,,,,,
dlv_167578e046eee9,evt_dfa3d6eb336e,account_targeted,acc_000095,none,process,enrich,"[""NO_CONTACTS""]",,,missing_data,,,,,,,,,
dlv_094f9ff7b0578e,evt_79bde6174d34,account_targeted,acc_000131,none,process,contact,"[""ELIGIBLE""]",con_000131_2,,clean_prospect,,,,,,,,,
dlv_11679bcd806076,evt_1d90aaa3f66c,unsubscribe_received,acc_000295,out_of_order_race,process_and_reconcile,suppress,"[""UNSUBSCRIBED""]",,,race_late_unsubscribe,,,,,,True,,contact,con_000295_2
dlv_1d6d48f46fc7cf,evt_b1b9981cc34e,account_targeted,acc_000013,delayed,process,wait,"[""SEQUENCE_EXHAUSTED""]",,2026-12-16T05:39:00Z,max_touches_no_reply,,,,,,,,,
dlv_ea5af3a3d6cc70,evt_03d71f657687,account_targeted,acc_000089,delayed,process,contact,"[""ELIGIBLE""]",con_000089_1,,clean_prospect,,,,,,,,,
dlv_2cef0104fbb54c,evt_81cb37af1eb4,account_targeted,acc_000190,delayed,process,suppress,"[""COMPETITOR""]",,,suppressed,,,,,,,,,
dlv_4ad8bfd7a5501d,evt_51bfc0191c28,unsubscribe_received,acc_000434,none,process,suppress,"[""UNSUBSCRIBED""]",,,recent_outreach,,,,,,,,contact,con_000434_1
dlv_8a8b3f6a7f0958,evt_e86daed89f2c,reply_received,acc_000129,none,process,suppress,"[""UNSUBSCRIBE""]",,,recent_outreach,,,unsubscribe,,,,,,
dlv_ee0b6ff03b0c57,evt_b22730cda8fe,account_targeted,acc_000497,none,process,contact,"[""ELIGIBLE""]",con_000497_1,,clean_prospect,,,,,,,,,
dlv_c979416e08c3af,evt_e6bad0656821,account_targeted,acc_000486,none,process,escalate_human,"[""CHURNED_CUSTOMER""]",,,churned_customer,,,,,,,,,
dlv_32481737036ee8,evt_260096c58a1d,account_targeted,acc_000072,none,process,contact,"[""ELIGIBLE""]",con_000072_2,,clean_prospect,,,,,,,,,
dlv_c0555791f50546,evt_068845977dbd,account_targeted,acc_000157,none,process,suppress,"[""CUSTOMER""]",,,customer,,,,,,,,,
dlv_8d0820b66b73d1,evt_3babcb9f6451,account_targeted,acc_000235,none,process,contact,"[""ELIGIBLE""]",con_000235_1,,clean_prospect,,,,,,,,,
dlv_c07b6729470755,evt_3819ff81bd5f,account_targeted,acc_000405,none,process,contact,"[""ELIGIBLE""]",con_000405_2,,partial_contact_suppression,,,,,,,,,
dlv_1521fa71a33e33,evt_e42d32415bd4,account_targeted,acc_000312,none,process,enrich,"[""NO_VALID_EMAIL""]",,,missing_data,,,,,,,,,
dlv_70b4873d1ae3f5,evt_ac90e0e00d98,account_targeted,acc_000413,none,process,contact,"[""ELIGIBLE""]",con_000413_3,,clean_prospect,,,,,,,,,
dlv_635af850da1b89,evt_c0b9b02c884f,account_targeted,acc_000494,none,process,contact,"[""ELIGIBLE""]",con_000494_1,,clean_prospect,,,,,,,,,
dlv_54b2010d50285a,evt_591ea96d71ad,account_targeted,acc_000120,none,process,wait,"[""RECENT_OUTREACH""]",,2026-10-05T21:47:00Z,recent_outreach,,,,,,,,,
dlv_d8da26563a2cef,evt_d27c0bf8d26a,account_targeted,acc_000440,none,process,suppress,"[""ACTIVE_OPPORTUNITY""]",,,active_opportunity,,,,,,,,,
dlv_2bbdfd501f8123,evt_38f73aa5c286,account_targeted,acc_000385,none,process,contact,"[""ELIGIBLE""]",con_000385_2,,clean_prospect,,,,,,,,,
dlv_56edeac45b29f1,evt_04981a1de1f9,account_targeted,acc_000155,none,process,contact,"[""ELIGIBLE""]",con_000155_1,,clean_prospect,,,,,,,,,
dlv_352c1bc2c95cb0,evt_2c5b83c0e5be,account_targeted,acc_000274,none,process,contact,"[""ELIGIBLE""]",con_000274_1,,clean_prospect,,,,,,,,,
dlv_d86916af2e3167,evt_3ffe22d273d1,account_targeted,acc_000080,none,process,contact,"[""ELIGIBLE""]",con_000080_1,,clean_prospect,,,,,,,,,
dlv_0a54573d6cef2d,evt_2da2dc089ed2,account_targeted,acc_000462,none,process,suppress,"[""CUSTOMER""]",,,customer,,,,,,,,,
dlv_eac17b3a7601e9,evt_cd48a77296df,account_targeted,acc_000237,none,process,suppress,"[""CUSTOMER""]",,,customer,,,,,,,,,
dlv_78f9386a826585,evt_6e9500342905,account_targeted,acc_000158,none,process,contact,"[""ELIGIBLE""]",con_000158_2,,clean_prospect,,,,,,,,,
dlv_eeac0f562c86e5,evt_88844494f08e,account_targeted,acc_000369,none,process,contact,"[""ELIGIBLE""]",con_000369_2,,clean_prospect,,,,,,,,,
dlv_99c7d21ae6f241,evt_73ca537510c1,account_targeted,acc_000249,none,process,contact,"[""ELIGIBLE""]",con_000249_1,,race_late_unsubscribe,,,,,,,,,
dlv_1f67ffcf0b5af2,evt_0e32dad749da,account_targeted,acc_000182,none,process,escalate_human,"[""CHURNED_CUSTOMER""]",,,churned_customer,,,,,,,,,
dlv_dff213de0f5700,evt_0856b6f21f50,account_targeted,acc_000134,none,process,suppress,"[""UNSUBSCRIBED""]",,,customer,,,,,,,"[""dlv_67e23df9e6f2b1""]",,
dlv_ee3bdee6fc2bc0,evt_0c23125fb00c,account_targeted,acc_000207,none,process,contact,"[""ELIGIBLE""]",con_000207_2,,clean_prospect,,,,,,,,,
dlv_b6774fc2980e76,evt_95f8da89cd5e,account_targeted,acc_000199,none,process,suppress,"[""CUSTOMER""]",,,customer,,,,,,,,,
dlv_04b64d9f63bee0,evt_19c06c4023e2,account_targeted,acc_000160,none,process,wait,"[""SEQUENCE_EXHAUSTED""]",,2027-01-02T14:54:00Z,max_touches_no_reply,,,,,,,,,
dlv_7c8ab4dfb8f596,evt_e433c7189173,account_targeted,acc_000187,none,process,contact,"[""ELIGIBLE""]",con_000187_2,,clean_prospect,,,,,,,,,
dlv_ce82153906d565,evt_809c7508a48a,account_targeted,acc_000484,none,process,wait,"[""RECENT_OUTREACH""]",,2026-10-12T21:46:00Z,recent_outreach,,,,,,,,,
dlv_6b6bb826bbebf8,evt_23119568afb2,account_targeted,acc_000470,none,process,suppress,"[""COMPETITOR""]",,,suppressed,,,,,,,,,
dlv_824c65514d2ecf,evt_9b009076aceb,account_targeted,acc_000433,none,process,contact,"[""ELIGIBLE""]",con_000433_3,,clean_prospect,,,,,,,,,
dlv_a6b16938340696,evt_5bf5e17ad6b4,account_targeted,acc_000045,none,process,contact,"[""ELIGIBLE""]",con_000045_1,,clean_prospect,,,,,,,,,
dlv_caa5bd32552be7,evt_9abeebf809cf,account_targeted,acc_000322,none,process,contact,"[""ELIGIBLE""]",con_000322_1,,clean_prospect,,,,,,,,,
dlv_8b2b2b8822d8a9,evt_1e838cf5321d,account_targeted,acc_000375,none,process,wait,"[""RECENT_OUTREACH""]",,2026-10-03T05:55:00Z,recent_outreach,,,,,,,,,
dlv_3f18ddee2b6265,evt_6bab522f8054,account_targeted,acc_000416,none,process,wait,"[""SEQUENCE_EXHAUSTED""]",,2026-10-21T06:19:00Z,max_touches_no_reply,,,,,,,,,
dlv_1eea25e8fedbff,evt_f4a531e2645a,account_targeted,acc_000079,none,process,contact,"[""ELIGIBLE""]",con_000079_1,,clean_prospect,,,,,,,,,
dlv_0de9a86b5bba75,evt_3e77e0af8139,account_targeted,acc_000169,none,process,wait,"[""RECENT_OUTREACH""]",,2026-10-13T14:07:00Z,recent_outreach,,,,,,,,,
dlv_215947ff6a87e6,evt_bbe53c1b04f8,account_targeted,acc_000034,none,process,enrich,"[""STALE_ENRICHMENT""]",,,missing_data,,,,,,,,,
dlv_2429a8ed91b4fb,evt_78a0ca23b15c,account_targeted,acc_000186,none,process,contact,"[""ELIGIBLE""]",con_000186_1,,clean_prospect,,,,,,,,,
dlv_9b8cc0bd900219,evt_ce02c30441ab,account_targeted,acc_000243,none,process,contact,"[""ELIGIBLE""]",con_000243_1,,clean_prospect,,,,,,,,,
dlv_679eebe0c55109,evt_77105c423271,account_targeted,acc_000391,none,process,suppress,"[""NOT_ICP""]",,,low_icp,,,,,,,,,
dlv_9eea4dd4bc366a,evt_a5175f0097db,account_targeted,acc_000189,none,process,wait,"[""SEQUENCE_EXHAUSTED""]",,2026-11-21T23:25:00Z,max_touches_no_reply,,,,,,,,,
dlv_72d618a610ccac,evt_99ea3b5e90bb,account_targeted,acc_000408,none,process,contact,"[""ELIGIBLE""]",con_000408_1,,clean_prospect,,,,,,,,,
dlv_c10498fde0bbfd,evt_1c3e51601461,account_targeted,acc_000347,none,process,wait,"[""RECENT_OUTREACH""]",,2026-10-12T15:29:00Z,recent_outreach,,,,,,,,,
dlv_505c8c496ecdf3,evt_b37756910f9b,account_targeted,acc_000051,none,process,handoff_ae,"[""AE_ASSIGNED""]",,,ae_assigned,,,,,,,,,
dlv_57510eb9615396,evt_e58e1f6e1e61,account_targeted,acc_000288,none,process,contact,"[""ELIGIBLE""]",con_000288_1,,clean_prospect,,,,,,,,,
dlv_c0ae3d7836a9d9,evt_329009cb14f8,account_targeted,acc_000148,none,process,handoff_ae,"[""AE_ASSIGNED""]",,,ae_assigned,,,,,,,,,
dlv_98e31ed82870ef,evt_88f9481a2d61,account_targeted,acc_000280,none,process,contact,"[""ELIGIBLE""]",con_000280_2,,clean_prospect,,,,,,,,,
dlv_9628f58d183e1f,evt_bd9cea75e82d,account_targeted,acc_000263,none,process,contact,"[""ELIGIBLE""]",con_000263_2,,clean_prospect,,,,,,,,,
dlv_82478a566733ee,evt_0ef2ef76f770,account_targeted,acc_000035,none,process,suppress,"[""CUSTOMER""]",,,customer,,,,,,,,,
dlv_363ef71c066a76,evt_ccab8dc31fdf,account_targeted,acc_000110,none,process,escalate_human,"[""CHURNED_CUSTOMER""]",,,churned_customer,,,,,,,,,
dlv_4f32213eec76d3,evt_ad7b82b8114e,account_targeted,acc_000490,none,process,wait,"[""SEQUENCE_EXHAUSTED""]",,2026-10-24T09:54:00Z,max_touches_no_reply,,,,,,,,,
dlv_992559e0cf6806,evt_e106b03e538f,account_targeted,acc_000138,none,process,enrich,"[""MISSING_FIRMOGRAPHICS""]",,,missing_data,,,,,,,,,
dlv_f77a863be872d0,evt_143964792c83,account_targeted,acc_000342,none,process,contact,"[""ELIGIBLE""]",con_000342_2,,partial_contact_suppression,,,,,,,,,
dlv_a1c61c9dc8252d,evt_3263a103da79,account_targeted,acc_000355,none,process,contact,"[""ELIGIBLE""]",con_000355_3,,clean_prospect,,,,,,,,,
dlv_75fe01238c95be,evt_539b8e21543b,account_targeted,acc_000010,none,process,contact,"[""ELIGIBLE""]",con_000010_1,,clean_prospect,,,,,,,,,
dlv_7a6128070ddfef,evt_61490649061c,account_targeted,acc_000206,none,process,wait,"[""SEQUENCE_EXHAUSTED""]",,2026-11-07T11:23:00Z,max_touches_no_reply,,,,,,,,,
dlv_867b5ea640810d,evt_46cec310d735,account_targeted,acc_000382,none,process,handoff_ae,"[""AE_ASSIGNED""]",,,ae_assigned,,,,,,,,,
dlv_72bbc0b7dc9882,evt_f57e57b2f0bc,account_targeted,acc_000408,malformed,dead_letter,,,,,,unsupported_schema,,,,,,,,
dlv_5b7f09d97d8fcf,evt_c74b566cf2d6,account_targeted,acc_000328,none,process,enrich,"[""NO_VALID_EMAIL""]",,,missing_data,,,,,,,,,
dlv_2795b326bf7b49,evt_56bc65f50cc8,account_targeted,acc_000127,none,process,contact,"[""ELIGIBLE""]",con_000127_1,,clean_prospect,,,,,,,,,
dlv_ccc77b4f465038,evt_d951d7a7d6c3,account_targeted,acc_000102,none,process,contact,"[""ELIGIBLE""]",con_000102_1,,clean_prospect,,,,,,,,,
dlv_46585eb2b16d03,evt_edbdd0ad41f4,account_targeted,acc_000448,none,process,wait,"[""SEQUENCE_EXHAUSTED""]",,2027-01-11T17:30:00Z,max_touches_no_reply,,,,,,,,,
dlv_753ae29ff27552,evt_1a827ba9aa88,account_targeted,acc_000482,none,process,contact,"[""ELIGIBLE""]",con_000482_1,,clean_prospect,,,,,,,,,
dlv_a83cf33551e190,evt_db75c3e78dd0,account_targeted,acc_000178,none,process,contact,"[""ELIGIBLE""]",con_000178_1,,clean_prospect,,,,,,,,,
dlv_15fa6fd0db1723,evt_d1e00108d289,account_targeted,acc_000045,semantic_duplicate,ignore_duplicate,,,,,,,dlv_a6b16938340696,,,,,,,
dlv_087262b57da88b,evt_9019fb8d49b9,account_targeted,acc_000346,none,process,wait,"[""SEQUENCE_EXHAUSTED""]",,2026-11-27T20:54:00Z,max_touches_no_reply,,,,,,,,,
dlv_ec075e242f504c,evt_2e4b9d7c51ac,account_targeted,acc_000163,none,process,wait,"[""RECENT_OUTREACH""]",,2026-10-10T08:15:00Z,recent_outreach,,,,,,,,,
dlv_07cfc1a1f72d36,evt_2fa1966af776,account_targeted,acc_000097,none,process,suppress,"[""ACTIVE_OPPORTUNITY""]",,,active_opportunity,,,,,,,,,
dlv_801e9a2c3e5775,evt_94dca99fbccd,account_targeted,acc_000348,none,process,contact,"[""ELIGIBLE""]",con_000348_2,,partial_contact_suppression,,,,,,,,,
dlv_a44a619aa55a9d,evt_859830a7fa37,account_targeted,acc_000246,none,process,suppress,"[""UNSUBSCRIBED""]",,,suppressed,,,,,,,,,
dlv_efb3abe2963a66,evt_51474e4703d4,account_targeted,acc_000266,none,process,handoff_ae,"[""AE_ASSIGNED""]",,,ae_assigned,,,,,,,,,
dlv_427365c301b5ff,evt_6dab4c56ef38,account_targeted,acc_000460,none,process,suppress,"[""CUSTOMER""]",,,customer,,,,,,,,,
dlv_75fe1e4abf224c,evt_c36fa2e1ade8,account_targeted,acc_000359,none,process,contact,"[""ELIGIBLE""]",con_000359_3,,clean_prospect,,,,,,,,,
dlv_2f5396c69529b2,evt_a0bbc81396b9,account_targeted,acc_000126,none,process,contact,"[""ELIGIBLE""]",con_000126_2,,clean_prospect,,,,,,,,,
dlv_b9d33f82d1c98d,evt_d325f81c7270,account_targeted,acc_000250,none,process,wait,"[""RECENT_OUTREACH""]",,2026-10-03T12:12:00Z,recent_outreach,,,,,,,,,
dlv_b3053912be87c7,evt_98efb94ec38a,account_targeted,acc_000321,none,process,contact,"[""ELIGIBLE""]",con_000321_1,,clean_prospect,,,,,,,,,
dlv_65ee1338de8b1a,evt_0a67b350533b,account_targeted,acc_000031,none,process,wait,"[""RECENT_OUTREACH""]",,2026-10-07T18:35:00Z,recent_outreach,,,,,,,,,
dlv_f75c7b3a06f3d6,evt_24cccae8f38b,account_targeted,acc_000023,none,process,contact,"[""ELIGIBLE""]",con_000023_4,,clean_prospect,,,,,,,,,
dlv_e335941f3be0b4,evt_57d6b4a56796,account_targeted,acc_000491,none,process,suppress,"[""COMPETITOR""]",,,suppressed,,,,,,,,,
dlv_48af8ea318610b,evt_cce2b54d7ff5,account_targeted,acc_000106,none,process,suppress,"[""CUSTOMER""]",,,customer,,,,,,,,,
dlv_1599683488b2f1,evt_c13a224a0b36,account_targeted,acc_000066,none,process,wait,"[""RECENT_OUTREACH""]",,2026-10-11T21:28:00Z,recent_outreach,,,,,,,,,
dlv_3d0869107bb566,evt_3ba76926d0ca,account_targeted,acc_000370,none,process,wait,"[""SEQUENCE_EXHAUSTED""]",,2026-10-20T19:09:00Z,max_touches_no_reply,,,,,,,,,
dlv_6e0f0b104a88c5,evt_2ce17628b212,account_targeted,acc_000017,none,process,handoff_ae,"[""AE_ASSIGNED""]",,,ae_assigned,,,,,,,,,
dlv_b6a5e9453c157b,evt_309fb2e06cef,account_targeted,acc_000371,none,process,contact,"[""ELIGIBLE""]",con_000371_2,,clean_prospect,,,,,,,,,
dlv_2e81de80d61d32,evt_f514f2afc0cb,account_targeted,acc_000329,none,process,contact,"[""ELIGIBLE""]",con_000329_3,,clean_prospect,,,,,,,,,
dlv_87c644b60fdf2b,evt_c0d9975d261a,account_targeted,acc_000340,none,process,contact,"[""ELIGIBLE""]",con_000340_2,,clean_prospect,,,,,,,,,
dlv_681fa5b7a05fda,evt_126211a7c2e3,account_targeted,acc_000402,none,process,contact,"[""ELIGIBLE""]",con_000402_2,,clean_prospect,,,,,,,,,
dlv_f566e5c37dbc37,evt_e40df7a71388,account_targeted,acc_000286,none,process,escalate_human,"[""CHURNED_CUSTOMER""]",,,churned_customer,,,,,,,,,
dlv_eb0145db11d349,evt_37e1c62e9480,account_targeted,acc_000096,none,process,contact,"[""ELIGIBLE""]",con_000096_1,,clean_prospect,,,,,,,,,
dlv_c0db0d477e84c3,evt_f514f2afc0cb,account_targeted,acc_000329,exact_duplicate,ignore_duplicate,,,,,,,dlv_2e81de80d61d32,,,,,,,
dlv_0d0dafa580151e,evt_04981a1de1f9,account_targeted,acc_000155,exact_duplicate,ignore_duplicate,,,,,,,dlv_56edeac45b29f1,,,,,,,
dlv_f1291eebb539bc,evt_591ea96d71ad,account_targeted,acc_000120,exact_duplicate,ignore_duplicate,,,,,,,dlv_54b2010d50285a,,,,,,,
dlv_598b3178eb3a3b,evt_a5175f0097db,account_targeted,acc_000189,exact_duplicate,ignore_duplicate,,,,,,,dlv_9eea4dd4bc366a,,,,,,,
dlv_dbb3cc453cf780,evt_326055327e87,account_targeted,acc_000328,semantic_duplicate,ignore_duplicate,,,,,,,dlv_5b7f09d97d8fcf,,,,,,,
dlv_3c2a96867c5d0a,evt_b66a2c34731f,reply_received,acc_000212,none,process,enrich,"[""WRONG_PERSON""]",,,recent_outreach,,,wrong_person,,,,,,
dlv_af7652d3373312,evt_c33b8863a190,account_targeted,acc_000303,delayed,process,contact,"[""ELIGIBLE""]",con_000303_2,,clean_prospect,,,,,,,,,
dlv_0e1921cc79951d,evt_41e2657bd12e,unsubscribe_received,acc_000249,out_of_order_race,process_and_reconcile,suppress,"[""UNSUBSCRIBED""]",,,race_late_unsubscribe,,,,,,True,,contact,con_000249_1
dlv_97288760462dba,evt_6ec18f3bf2bf,email_bounced,acc_000053,none,process,wait,"[""SOFT_BOUNCE""]",,,recent_outreach,,,,,,,,contact,con_000053_1
dlv_e828c51a34bc39,evt_3f15a1b33ef4,reply_received,acc_000198,none,process,suppress,"[""HOSTILE""]",,,recent_outreach,,,hostile,,,,,,
dlv_b5161b3f6a2a93,evt_05c19ffc0c0d,opportunity_stage_changed,acc_000192,none,process,update_state,"[""OPP_STAGE_CHANGED""]",,,active_opportunity,,,,,,,,,
dlv_b0efc68901ec81,evt_a17ab3276757,account_targeted,acc_000232,delayed,process,wait,"[""RECENT_OUTREACH""]",,2026-10-09T14:11:00Z,recent_outreach,,,,,,,,,
