account_id,scenario,sub,expected_action,reason_codes,best_contact_id,wait_until,route_to_ae_id,route_reason,duplicate_of,race,crm_state
acc_000001,customer,,suppress,"[""CUSTOMER""]",,,,,,,customer
acc_000002,clean_prospect,,contact,"[""ELIGIBLE""]",con_000002_1,,,,,,prospect
acc_000003,missing_data,stale,enrich,"[""STALE_ENRICHMENT""]",,,,,,,prospect
acc_000004,closed_lost_recent,,wait,"[""CLOSED_LOST_COOLDOWN""]",,2026-12-16T16:00:00Z,,,,,prospect
acc_000005,suppressed,hard_bounce_all,suppress,"[""HARD_BOUNCE""]",,,,,,,prospect
acc_000006,clean_prospect,,contact,"[""ELIGIBLE""]",con_000006_1,,,,,,prospect
acc_000007,recent_outreach,,wait,"[""RECENT_OUTREACH""]",,2026-10-08T06:43:00Z,,,,,prospect
acc_000008,clean_prospect,,contact,"[""ELIGIBLE""]",con_000008_1,,,,,,prospect
acc_000009,low_icp,gov_ngo,suppress,"[""NOT_ICP""]",,,,,,,prospect
acc_000010,clean_prospect,,contact,"[""ELIGIBLE""]",con_000010_1,,,,,,prospect
acc_000011,clean_prospect,,contact,"[""ELIGIBLE""]",con_000011_2,,,,,,prospect
acc_000012,conflict_state,prospect_with_won_opp,escalate_human,"[""STATE_CONFLICT""]",,,,,,,prospect
acc_000013,max_touches_no_reply,,wait,"[""SEQUENCE_EXHAUSTED""]",,2026-12-16T05:39:00Z,,,,,prospect
acc_000014,recent_outreach,,wait,"[""RECENT_OUTREACH""]",,2026-10-10T15:51:00Z,,,,,prospect
acc_000015,active_opportunity,,suppress,"[""ACTIVE_OPPORTUNITY""]",,,,,,,active_opportunity
acc_000016,ae_assigned,,handoff_ae,"[""AE_ASSIGNED""]",,,ae_006,OWNER,,,ae_assigned
acc_000017,ae_assigned,,handoff_ae,"[""AE_ASSIGNED""]",,,ae_024,OWNER,,,ae_assigned
acc_000018,duplicate_domain,,escalate_human,"[""DUPLICATE_ACCOUNT""]",,,,,acc_000210,,prospect
acc_000019,clean_prospect,,contact,"[""ELIGIBLE""]",con_000019_1,,,,,,prospect
acc_000020,suppressed,unsub_all,suppress,"[""UNSUBSCRIBED""]",,,,,,,prospect
acc_000021,customer,,suppress,"[""CUSTOMER""]",,,,,,,customer
acc_000022,clean_prospect,,contact,"[""ELIGIBLE""]",con_000022_1,,,,,,prospect
acc_000023,clean_prospect,,contact,"[""ELIGIBLE""]",con_000023_4,,,,,,prospect
acc_000024,customer,,suppress,"[""CUSTOMER""]",,,,,,,customer
acc_000025,clean_prospect,,contact,"[""ELIGIBLE""]",con_000025_1,,,,,,prospect
acc_000026,max_touches_no_reply,,wait,"[""SEQUENCE_EXHAUSTED""]",,2026-12-17T04:34:00Z,,,,,prospect
acc_000027,clean_prospect,,contact,"[""ELIGIBLE""]",con_000027_2,,,,,,prospect
acc_000028,low_icp,tiny,suppress,"[""NOT_ICP""]",,,,,,,prospect
acc_000029,clean_prospect,,contact,"[""ELIGIBLE""]",con_000029_3,,,,,,prospect
acc_000030,clean_prospect,,contact,"[""ELIGIBLE""]",con_000030_1,,,,,,prospect
acc_000031,recent_outreach,,wait,"[""RECENT_OUTREACH""]",,2026-10-07T18:35:00Z,,,,,prospect
acc_000032,clean_prospect,,contact,"[""ELIGIBLE""]",con_000032_3,,,,,,prospect
acc_000033,recent_outreach,,wait,"[""RECENT_OUTREACH""]",,2026-10-05T19:57:00Z,,,,,prospect
acc_000034,missing_data,stale,enrich,"[""STALE_ENRICHMENT""]",,,,,,,prospect
acc_000035,customer,,suppress,"[""CUSTOMER""]",,,,,,,customer
acc_000036,clean_prospect,,contact,"[""ELIGIBLE""]",con_000036_1,,,,,,prospect
acc_000037,missing_data,no_contacts,enrich,"[""NO_CONTACTS""]",,,,,,,prospect
acc_000038,churned_customer,,escalate_human,"[""CHURNED_CUSTOMER""]",,,,,,,churned_customer
acc_000039,clean_prospect,,contact,"[""ELIGIBLE""]",con_000039_1,,,,,,prospect
acc_000040,recent_outreach,,wait,"[""RECENT_OUTREACH""]",,2026-10-03T05:45:00Z,,,,,prospect
acc_000041,max_touches_no_reply,,wait,"[""SEQUENCE_EXHAUSTED""]",,2026-11-18T18:39:00Z,,,,,prospect
acc_000042,recent_outreach,,wait,"[""RECENT_OUTREACH""]",,2026-10-01T18:03:00Z,,,,,prospect
acc_000043,clean_prospect,,contact,"[""ELIGIBLE""]",con_000043_1,,,,,,prospect
acc_000044,customer,,suppress,"[""CUSTOMER""]",,,,,,,customer
acc_000045,clean_prospect,,contact,"[""ELIGIBLE""]",con_000045_1,,,,,,prospect
acc_000046,recent_outreach,,wait,"[""RECENT_OUTREACH""]",,2026-10-07T11:05:00Z,,,,,prospect
acc_000047,suppressed,unsub_all,suppress,"[""UNSUBSCRIBED""]",,,,,,,prospect
acc_000048,max_touches_no_reply,,wait,"[""SEQUENCE_EXHAUSTED""]",,2026-12-30T11:44:00Z,,,,,prospect
acc_000049,clean_prospect,,contact,"[""ELIGIBLE""]",con_000049_2,,,,,,prospect
acc_000050,clean_prospect,,contact,"[""ELIGIBLE""]",con_000050_1,,,,,,prospect
acc_000051,ae_assigned,,handoff_ae,"[""AE_ASSIGNED""]",,,ae_009,OWNER,,,ae_assigned
acc_000052,customer,,suppress,"[""CUSTOMER""]",,,,,,,customer
acc_000053,recent_outreach,,wait,"[""RECENT_OUTREACH""]",,2026-10-07T07:48:00Z,,,,,prospect
acc_000054,ae_assigned,,handoff_ae,"[""AE_ASSIGNED""]",,,ae_014,OWNER,,,ae_assigned
acc_000055,ae_assigned,,handoff_ae,"[""AE_ASSIGNED""]",,,ae_016,OWNER,,,ae_assigned
acc_000056,recent_outreach,,wait,"[""RECENT_OUTREACH""]",,2026-10-04T02:41:00Z,,,,,prospect
acc_000057,clean_prospect,,contact,"[""ELIGIBLE""]",con_000057_3,,,,,,prospect
acc_000058,ae_assigned,,handoff_ae,"[""AE_ASSIGNED""]",,,ae_015,OWNER,,,ae_assigned
acc_000059,missing_data,all_invalid,enrich,"[""NO_VALID_EMAIL""]",,,,,,,prospect
acc_000060,clean_prospect,,contact,"[""ELIGIBLE""]",con_000060_1,,,,,,prospect
acc_000061,duplicate_domain,,escalate_human,"[""DUPLICATE_ACCOUNT""]",,,,,acc_000379,,prospect
acc_000062,clean_prospect,,contact,"[""ELIGIBLE""]",con_000062_1,,,,,,prospect
acc_000063,closed_lost_recent,,wait,"[""CLOSED_LOST_COOLDOWN""]",,2026-12-08T16:00:00Z,,,,,prospect
acc_000064,max_touches_no_reply,,wait,"[""SEQUENCE_EXHAUSTED""]",,2026-10-23T00:24:00Z,,,,,prospect
acc_000065,clean_prospect,,contact,"[""ELIGIBLE""]",con_000065_1,,,,,,prospect
acc_000066,recent_outreach,,wait,"[""RECENT_OUTREACH""]",,2026-10-11T21:28:00Z,,,,,prospect
acc_000067,clean_prospect,,contact,"[""ELIGIBLE""]",con_000067_2,,,,,,prospect
acc_000068,recent_outreach,,wait,"[""RECENT_OUTREACH""]",,2026-10-13T06:52:00Z,,,,,prospect
acc_000069,clean_prospect,,contact,"[""ELIGIBLE""]",con_000069_1,,,,,,prospect
acc_000070,ae_assigned,,handoff_ae,"[""AE_ASSIGNED""]",,,ae_014,OWNER,,,ae_assigned
acc_000071,clean_prospect,,contact,"[""ELIGIBLE""]",con_000071_3,,,,,,prospect
acc_000072,clean_prospect,,contact,"[""ELIGIBLE""]",con_000072_2,,,,,,prospect
acc_000073,active_opportunity,,suppress,"[""ACTIVE_OPPORTUNITY""]",,,,,,,active_opportunity
acc_000074,customer,,suppress,"[""CUSTOMER""]",,,,,,,customer
acc_000075,low_icp,tiny,suppress,"[""NOT_ICP""]",,,,,,,prospect
acc_000076,partial_contact_suppression,,contact,"[""ELIGIBLE""]",con_000076_4,,,,,,prospect
acc_000077,clean_prospect,,contact,"[""ELIGIBLE""]",con_000077_1,,,,,,prospect
acc_000078,low_icp,tiny,suppress,"[""NOT_ICP""]",,,,,,,prospect
acc_000079,clean_prospect,,contact,"[""ELIGIBLE""]",con_000079_1,,,,,,prospect
acc_000080,clean_prospect,,contact,"[""ELIGIBLE""]",con_000080_1,,,,,,prospect
acc_000081,customer,,suppress,"[""CUSTOMER""]",,,,,,,customer
acc_000082,race_late_unsubscribe,,contact,"[""ELIGIBLE""]",con_000082_2,,,,,late_unsubscribe,prospect
acc_000083,clean_prospect,,contact,"[""ELIGIBLE""]",con_000083_1,,,,,,prospect
acc_000084,missing_data,all_invalid,enrich,"[""NO_VALID_EMAIL""]",,,,,,,prospect
acc_000085,customer,,suppress,"[""CUSTOMER""]",,,,,,,customer
acc_000086,clean_prospect,,contact,"[""ELIGIBLE""]",con_000086_1,,,,,,prospect
acc_000087,ae_assigned,,handoff_ae,"[""AE_ASSIGNED""]",,,ae_025,OWNER,,,ae_assigned
acc_000088,suppressed,competitor,suppress,"[""COMPETITOR""]",,,,,,,prospect
acc_000089,clean_prospect,,contact,"[""ELIGIBLE""]",con_000089_1,,,,,,prospect
acc_000090,clean_prospect,,contact,"[""ELIGIBLE""]",con_000090_1,,,,,,prospect
acc_000091,ae_assigned,,handoff_ae,"[""AE_ASSIGNED""]",,,ae_031,OWNER,,,ae_assigned
acc_000092,clean_prospect,,contact,"[""ELIGIBLE""]",con_000092_2,,,,,,prospect
acc_000093,recent_outreach,,wait,"[""RECENT_OUTREACH""]",,2026-10-13T13:52:00Z,,,,,prospect
acc_000094,clean_prospect,,contact,"[""ELIGIBLE""]",con_000094_1,,,,,,prospect
acc_000095,missing_data,no_contacts,enrich,"[""NO_CONTACTS""]",,,,,,,prospect
acc_000096,clean_prospect,,contact,"[""ELIGIBLE""]",con_000096_1,,,,,,prospect
acc_000097,active_opportunity,,suppress,"[""ACTIVE_OPPORTUNITY""]",,,,,,,active_opportunity
acc_000098,clean_prospect,,contact,"[""ELIGIBLE""]",con_000098_1,,,,,,prospect
acc_000099,recent_outreach,,wait,"[""RECENT_OUTREACH""]",,2026-10-09T03:24:00Z,,,,,prospect
acc_000100,ae_assigned,,handoff_ae,"[""AE_ASSIGNED""]",,,ae_023,OWNER_BACKUP,,,ae_assigned
acc_000101,ae_assigned,,handoff_ae,"[""AE_ASSIGNED""]",,,ae_016,OWNER,,,ae_assigned
acc_000102,clean_prospect,,contact,"[""ELIGIBLE""]",con_000102_1,,,,,,prospect
acc_000103,clean_prospect,,contact,"[""ELIGIBLE""]",con_000103_2,,,,,,prospect
acc_000104,recent_outreach,,wait,"[""RECENT_OUTREACH""]",,2026-10-02T06:13:00Z,,,,,prospect
acc_000105,low_icp,gov_ngo,suppress,"[""NOT_ICP""]",,,,,,,prospect
acc_000106,customer,,suppress,"[""CUSTOMER""]",,,,,,,customer
acc_000107,clean_prospect,,contact,"[""ELIGIBLE""]",con_000107_3,,,,,,prospect
acc_000108,recent_outreach,,wait,"[""RECENT_OUTREACH""]",,2026-10-08T09:41:00Z,,,,,prospect
acc_000109,clean_prospect,,contact,"[""ELIGIBLE""]",con_000109_2,,,,,,prospect
acc_000110,churned_customer,,escalate_human,"[""CHURNED_CUSTOMER""]",,,,,,,churned_customer
acc_000111,clean_prospect,,contact,"[""ELIGIBLE""]",con_000111_1,,,,,,prospect
acc_000112,suppressed,unsub_all,suppress,"[""UNSUBSCRIBED""]",,,,,,,prospect
acc_000113,clean_prospect,,contact,"[""ELIGIBLE""]",con_000113_1,,,,,,prospect
acc_000114,low_icp,tiny,suppress,"[""NOT_ICP""]",,,,,,,prospect
acc_000115,missing_data,all_invalid,enrich,"[""NO_VALID_EMAIL""]",,,,,,,prospect
acc_000116,clean_prospect,,contact,"[""ELIGIBLE""]",con_000116_1,,,,,,prospect
acc_000117,customer,,suppress,"[""CUSTOMER""]",,,,,,,customer
acc_000118,customer,,suppress,"[""CUSTOMER""]",,,,,,,customer
acc_000119,clean_prospect,,contact,"[""ELIGIBLE""]",con_000119_1,,,,,,prospect
acc_000120,recent_outreach,,wait,"[""RECENT_OUTREACH""]",,2026-10-05T21:47:00Z,,,,,prospect
acc_000121,ae_assigned,,handoff_ae,"[""AE_ASSIGNED""]",,,ae_032,OWNER,,,ae_assigned
acc_000122,clean_prospect,,contact,"[""ELIGIBLE""]",con_000122_1,,,,,,prospect
acc_000123,clean_prospect,,contact,"[""ELIGIBLE""]",con_000123_1,,,,,,prospect
acc_000124,customer,,suppress,"[""CUSTOMER""]",,,,,,,customer
acc_000125,missing_data,all_invalid,enrich,"[""NO_VALID_EMAIL""]",,,,,,,prospect
acc_000126,clean_prospect,,contact,"[""ELIGIBLE""]",con_000126_2,,,,,,prospect
acc_000127,clean_prospect,,contact,"[""ELIGIBLE""]",con_000127_1,,,,,,prospect
acc_000128,clean_prospect,,contact,"[""ELIGIBLE""]",con_000128_1,,,,,,prospect
acc_000129,recent_outreach,,wait,"[""RECENT_OUTREACH""]",,2026-10-13T19:10:00Z,,,,,prospect
acc_000130,duplicate_domain,,escalate_human,"[""DUPLICATE_ACCOUNT""]",,,,,acc_000457,,prospect
acc_000131,clean_prospect,,contact,"[""ELIGIBLE""]",con_000131_2,,,,,,prospect
acc_000132,conflict_state,customer_without_won_opp,escalate_human,"[""STATE_CONFLICT""]",,,,,,,prospect
acc_000133,recent_outreach,,wait,"[""RECENT_OUTREACH""]",,2026-10-07T01:36:00Z,,,,,prospect
acc_000134,customer,,suppress,"[""CUSTOMER""]",,,,,,,customer
acc_000135,low_icp,tiny,suppress,"[""NOT_ICP""]",,,,,,,prospect
acc_000136,active_opportunity,,suppress,"[""ACTIVE_OPPORTUNITY""]",,,,,,,active_opportunity
acc_000137,recent_outreach,,wait,"[""RECENT_OUTREACH""]",,2026-10-09T10:24:00Z,,,,,prospect
acc_000138,missing_data,missing_firmo,enrich,"[""MISSING_FIRMOGRAPHICS""]",,,,,,,prospect
acc_000139,clean_prospect,,contact,"[""ELIGIBLE""]",con_000139_4,,,,,,prospect
acc_000140,clean_prospect,,contact,"[""ELIGIBLE""]",con_000140_2,,,,,,prospect
acc_000141,low_icp,tiny,suppress,"[""NOT_ICP""]",,,,,,,prospect
acc_000142,recent_outreach,,wait,"[""RECENT_OUTREACH""]",,2026-10-10T22:09:00Z,,,,,prospect
acc_000143,ae_assigned,,handoff_ae,"[""AE_ASSIGNED""]",,,ae_009,OWNER,,,ae_assigned
acc_000144,churned_customer,,escalate_human,"[""CHURNED_CUSTOMER""]",,,,,,,churned_customer
acc_000145,recent_outreach,,wait,"[""RECENT_OUTREACH""]",,2026-10-06T22:50:00Z,,,,,prospect
acc_000146,suppressed,hard_bounce_all,suppress,"[""HARD_BOUNCE""]",,,,,,,prospect
acc_000147,clean_prospect,,contact,"[""ELIGIBLE""]",con_000147_1,,,,,,prospect
acc_000148,ae_assigned,,handoff_ae,"[""AE_ASSIGNED""]",,,ae_035,OWNER,,,ae_assigned
acc_000149,max_touches_no_reply,,wait,"[""SEQUENCE_EXHAUSTED""]",,2026-12-08T06:50:00Z,,,,,prospect
acc_000150,clean_prospect,,contact,"[""ELIGIBLE""]",con_000150_1,,,,,,prospect
acc_000151,clean_prospect,,contact,"[""ELIGIBLE""]",con_000151_2,,,,,,prospect
acc_000152,clean_prospect,,contact,"[""ELIGIBLE""]",con_000152_3,,,,,,prospect
acc_000153,recent_outreach,,wait,"[""RECENT_OUTREACH""]",,2026-10-08T17:32:00Z,,,,,prospect
acc_000154,recent_outreach,,wait,"[""RECENT_OUTREACH""]",,2026-10-12T01:30:00Z,,,,,prospect
acc_000155,clean_prospect,,contact,"[""ELIGIBLE""]",con_000155_1,,,,,,prospect
acc_000156,clean_prospect,,contact,"[""ELIGIBLE""]",con_000156_1,,,,,,prospect
acc_000157,customer,,suppress,"[""CUSTOMER""]",,,,,,,customer
acc_000158,clean_prospect,,contact,"[""ELIGIBLE""]",con_000158_2,,,,,,prospect
acc_000159,clean_prospect,,contact,"[""ELIGIBLE""]",con_000159_1,,,,,,prospect
acc_000160,max_touches_no_reply,,wait,"[""SEQUENCE_EXHAUSTED""]",,2027-01-02T14:54:00Z,,,,,prospect
acc_000161,customer,,suppress,"[""CUSTOMER""]",,,,,,,customer
acc_000162,recent_outreach,,wait,"[""RECENT_OUTREACH""]",,2026-10-03T18:51:00Z,,,,,prospect
acc_000163,recent_outreach,,wait,"[""RECENT_OUTREACH""]",,2026-10-10T08:15:00Z,,,,,prospect
acc_000164,clean_prospect,,contact,"[""ELIGIBLE""]",con_000164_1,,,,,,prospect
acc_000165,clean_prospect,,contact,"[""ELIGIBLE""]",con_000165_2,,,,,,prospect
acc_000166,ae_assigned,,handoff_ae,"[""AE_ASSIGNED""]",,,ae_023,OWNER,,,ae_assigned
acc_000167,missing_data,no_contacts,enrich,"[""NO_CONTACTS""]",,,,,,,prospect
acc_000168,active_opportunity,,suppress,"[""ACTIVE_OPPORTUNITY""]",,,,,,,active_opportunity
acc_000169,recent_outreach,,wait,"[""RECENT_OUTREACH""]",,2026-10-13T14:07:00Z,,,,,prospect
acc_000170,customer,,suppress,"[""CUSTOMER""]",,,,,,,customer
acc_000171,clean_prospect,,contact,"[""ELIGIBLE""]",con_000171_1,,,,,,prospect
acc_000172,low_icp,tiny,suppress,"[""NOT_ICP""]",,,,,,,prospect
acc_000173,ae_assigned,,handoff_ae,"[""AE_ASSIGNED""]",,,ae_032,OWNER,,,ae_assigned
acc_000174,clean_prospect,,contact,"[""ELIGIBLE""]",con_000174_1,,,,,,prospect
acc_000175,customer,,suppress,"[""CUSTOMER""]",,,,,,,customer
acc_000176,clean_prospect,,contact,"[""ELIGIBLE""]",con_000176_1,,,,,,prospect
acc_000177,clean_prospect,,contact,"[""ELIGIBLE""]",con_000177_3,,,,,,prospect
acc_000178,clean_prospect,,contact,"[""ELIGIBLE""]",con_000178_1,,,,,,prospect
acc_000179,race_late_opportunity,,contact,"[""ELIGIBLE""]",con_000179_1,,,,,late_opportunity,prospect
acc_000180,ae_assigned,,handoff_ae,"[""AE_ASSIGNED""]",,,ae_021,OWNER,,,ae_assigned
acc_000181,customer,,suppress,"[""CUSTOMER""]",,,,,,,customer
acc_000182,churned_customer,,escalate_human,"[""CHURNED_CUSTOMER""]",,,,,,,churned_customer
acc_000183,customer,,suppress,"[""CUSTOMER""]",,,,,,,customer
acc_000184,ae_assigned,,handoff_ae,"[""AE_ASSIGNED""]",,,ae_026,OWNER,,,ae_assigned
acc_000185,clean_prospect,,contact,"[""ELIGIBLE""]",con_000185_1,,,,,,prospect
acc_000186,clean_prospect,,contact,"[""ELIGIBLE""]",con_000186_1,,,,,,prospect
acc_000187,clean_prospect,,contact,"[""ELIGIBLE""]",con_000187_2,,,,,,prospect
acc_000188,recent_outreach,,wait,"[""RECENT_OUTREACH""]",,2026-10-13T19:24:00Z,,,,,prospect
acc_000189,max_touches_no_reply,,wait,"[""SEQUENCE_EXHAUSTED""]",,2026-11-21T23:25:00Z,,,,,prospect
acc_000190,suppressed,competitor,suppress,"[""COMPETITOR""]",,,,,,,prospect
acc_000191,suppressed,unsub_all,suppress,"[""UNSUBSCRIBED""]",,,,,,,prospect
acc_000192,active_opportunity,,suppress,"[""ACTIVE_OPPORTUNITY""]",,,,,,,active_opportunity
acc_000193,max_touches_no_reply,,wait,"[""SEQUENCE_EXHAUSTED""]",,2026-10-27T23:53:00Z,,,,,prospect
acc_000194,clean_prospect,,contact,"[""ELIGIBLE""]",con_000194_2,,,,,,prospect
acc_000195,recent_outreach,,wait,"[""RECENT_OUTREACH""]",,2026-10-11T00:45:00Z,,,,,prospect
acc_000196,missing_data,no_contacts,enrich,"[""NO_CONTACTS""]",,,,,,,prospect
acc_000197,recent_outreach,,wait,"[""RECENT_OUTREACH""]",,2026-10-12T00:48:00Z,,,,,prospect
acc_000198,recent_outreach,,wait,"[""RECENT_OUTREACH""]",,2026-10-11T23:03:00Z,,,,,prospect
acc_000199,customer,,suppress,"[""CUSTOMER""]",,,,,,,customer
acc_000200,recent_outreach,,wait,"[""RECENT_OUTREACH""]",,2026-10-09T01:46:00Z,,,,,prospect
acc_000201,low_icp,tiny,suppress,"[""NOT_ICP""]",,,,,,,prospect
acc_000202,customer,,suppress,"[""CUSTOMER""]",,,,,,,customer
acc_000203,max_touches_no_reply,,wait,"[""SEQUENCE_EXHAUSTED""]",,2026-11-10T22:08:00Z,,,,,prospect
acc_000204,conflict_state,customer_without_won_opp,escalate_human,"[""STATE_CONFLICT""]",,,,,,,prospect
acc_000205,clean_prospect,,contact,"[""ELIGIBLE""]",con_000205_1,,,,,,prospect
acc_000206,max_touches_no_reply,,wait,"[""SEQUENCE_EXHAUSTED""]",,2026-11-07T11:23:00Z,,,,,prospect
acc_000207,clean_prospect,,contact,"[""ELIGIBLE""]",con_000207_2,,,,,,prospect
acc_000208,active_opportunity,,suppress,"[""ACTIVE_OPPORTUNITY""]",,,,,,,active_opportunity
acc_000209,conflict_state,prospect_with_won_opp,escalate_human,"[""STATE_CONFLICT""]",,,,,,,prospect
acc_000210,ae_assigned,,handoff_ae,"[""AE_ASSIGNED""]",,,ae_019,OWNER,,,ae_assigned
acc_000211,active_opportunity,,suppress,"[""ACTIVE_OPPORTUNITY""]",,,,,,,active_opportunity
acc_000212,recent_outreach,,wait,"[""RECENT_OUTREACH""]",,2026-10-02T07:39:00Z,,,,,prospect
acc_000213,clean_prospect,,contact,"[""ELIGIBLE""]",con_000213_2,,,,,,prospect
acc_000214,recent_outreach,,wait,"[""RECENT_OUTREACH""]",,2026-10-05T14:47:00Z,,,,,prospect
acc_000215,clean_prospect,,contact,"[""ELIGIBLE""]",con_000215_3,,,,,,prospect
acc_000216,ae_assigned,,handoff_ae,"[""AE_ASSIGNED""]",,,ae_032,OWNER,,,ae_assigned
acc_000217,ae_assigned,,handoff_ae,"[""AE_ASSIGNED""]",,,ae_019,OWNER,,,ae_assigned
acc_000218,clean_prospect,,contact,"[""ELIGIBLE""]",con_000218_1,,,,,,prospect
acc_000219,clean_prospect,,contact,"[""ELIGIBLE""]",con_000219_1,,,,,,prospect
acc_000220,active_opportunity,,suppress,"[""ACTIVE_OPPORTUNITY""]",,,,,,,active_opportunity
acc_000221,race_late_opportunity,,contact,"[""ELIGIBLE""]",con_000221_1,,,,,late_opportunity,prospect
acc_000222,max_touches_no_reply,,wait,"[""SEQUENCE_EXHAUSTED""]",,2026-12-09T14:23:00Z,,,,,prospect
acc_000223,clean_prospect,,contact,"[""ELIGIBLE""]",con_000223_1,,,,,,prospect
acc_000224,low_icp,gov_ngo,suppress,"[""NOT_ICP""]",,,,,,,prospect
acc_000225,recent_outreach,,wait,"[""RECENT_OUTREACH""]",,2026-10-11T00:52:00Z,,,,,prospect
acc_000226,customer,,suppress,"[""CUSTOMER""]",,,,,,,customer
acc_000227,clean_prospect,,contact,"[""ELIGIBLE""]",con_000227_1,,,,,,prospect
acc_000228,clean_prospect,,contact,"[""ELIGIBLE""]",con_000228_1,,,,,,prospect
acc_000229,ae_assigned,,handoff_ae,"[""AE_ASSIGNED""]",,,ae_032,OWNER,,,ae_assigned
acc_000230,clean_prospect,,contact,"[""ELIGIBLE""]",con_000230_2,,,,,,prospect
acc_000231,clean_prospect,,contact,"[""ELIGIBLE""]",con_000231_4,,,,,,prospect
acc_000232,recent_outreach,,wait,"[""RECENT_OUTREACH""]",,2026-10-09T14:11:00Z,,,,,prospect
acc_000233,recent_outreach,,wait,"[""RECENT_OUTREACH""]",,2026-10-05T14:01:00Z,,,,,prospect
acc_000234,clean_prospect,,contact,"[""ELIGIBLE""]",con_000234_1,,,,,,prospect
acc_000235,clean_prospect,,contact,"[""ELIGIBLE""]",con_000235_1,,,,,,prospect
acc_000236,low_icp,tiny,suppress,"[""NOT_ICP""]",,,,,,,prospect
acc_000237,customer,,suppress,"[""CUSTOMER""]",,,,,,,customer
acc_000238,clean_prospect,,contact,"[""ELIGIBLE""]",con_000238_1,,,,,,prospect
acc_000239,suppressed,complaint,suppress,"[""SPAM_COMPLAINT""]",,,,,,,prospect
acc_000240,clean_prospect,,contact,"[""ELIGIBLE""]",con_000240_1,,,,,,prospect
acc_000241,duplicate_domain,,escalate_human,"[""DUPLICATE_ACCOUNT""]",,,,,acc_000389,,prospect
acc_000242,clean_prospect,,contact,"[""ELIGIBLE""]",con_000242_2,,,,,,prospect
acc_000243,clean_prospect,,contact,"[""ELIGIBLE""]",con_000243_1,,,,,,prospect
acc_000244,missing_data,no_contacts,enrich,"[""NO_CONTACTS""]",,,,,,,prospect
acc_000245,active_opportunity,,suppress,"[""ACTIVE_OPPORTUNITY""]",,,,,,,active_opportunity
acc_000246,suppressed,unsub_all,suppress,"[""UNSUBSCRIBED""]",,,,,,,prospect
acc_000247,low_icp,gov_ngo,suppress,"[""NOT_ICP""]",,,,,,,prospect
acc_000248,clean_prospect,,contact,"[""ELIGIBLE""]",con_000248_2,,,,,,prospect
acc_000249,race_late_unsubscribe,,contact,"[""ELIGIBLE""]",con_000249_1,,,,,late_unsubscribe,prospect
acc_000250,recent_outreach,,wait,"[""RECENT_OUTREACH""]",,2026-10-03T12:12:00Z,,,,,prospect
acc_000251,ae_assigned,,handoff_ae,"[""AE_ASSIGNED""]",,,ae_019,OWNER,,,ae_assigned
acc_000252,clean_prospect,,contact,"[""ELIGIBLE""]",con_000252_1,,,,,,prospect
acc_000253,ae_assigned,,handoff_ae,"[""AE_ASSIGNED""]",,,ae_039,OWNER_BACKUP,,,ae_assigned
acc_000254,ae_assigned,,handoff_ae,"[""AE_ASSIGNED""]",,,ae_001,OWNER,,,ae_assigned
acc_000255,clean_prospect,,contact,"[""ELIGIBLE""]",con_000255_1,,,,,,prospect
acc_000256,clean_prospect,,contact,"[""ELIGIBLE""]",con_000256_3,,,,,,prospect
acc_000257,recent_outreach,,wait,"[""RECENT_OUTREACH""]",,2026-10-10T04:28:00Z,,,,,prospect
acc_000258,recent_outreach,,wait,"[""RECENT_OUTREACH""]",,2026-10-02T17:58:00Z,,,,,prospect
acc_000259,ae_assigned,,handoff_ae,"[""AE_ASSIGNED""]",,,ae_039,OWNER_BACKUP,,,ae_assigned
acc_000260,customer,,suppress,"[""CUSTOMER""]",,,,,,,customer
acc_000261,partial_contact_suppression,,contact,"[""ELIGIBLE""]",con_000261_3,,,,,,prospect
acc_000262,clean_prospect,,contact,"[""ELIGIBLE""]",con_000262_1,,,,,,prospect
acc_000263,clean_prospect,,contact,"[""ELIGIBLE""]",con_000263_2,,,,,,prospect
acc_000264,customer,,suppress,"[""CUSTOMER""]",,,,,,,customer
acc_000265,recent_outreach,,wait,"[""RECENT_OUTREACH""]",,2026-10-12T10:16:00Z,,,,,prospect
acc_000266,ae_assigned,,handoff_ae,"[""AE_ASSIGNED""]",,,ae_007,OWNER,,,ae_assigned
acc_000267,missing_data,all_invalid,escalate_human,"[""ENRICHMENT_EXHAUSTED""]",,,,,,,prospect
acc_000268,recent_outreach,,wait,"[""RECENT_OUTREACH""]",,2026-10-05T09:39:00Z,,,,,prospect
acc_000269,clean_prospect,,contact,"[""ELIGIBLE""]",con_000269_1,,,,,,prospect
acc_000270,missing_data,no_contacts,enrich,"[""NO_CONTACTS""]",,,,,,,prospect
acc_000271,clean_prospect,,contact,"[""ELIGIBLE""]",con_000271_1,,,,,,prospect
acc_000272,clean_prospect,,contact,"[""ELIGIBLE""]",con_000272_5,,,,,,prospect
acc_000273,clean_prospect,,contact,"[""ELIGIBLE""]",con_000273_2,,,,,,prospect
acc_000274,clean_prospect,,contact,"[""ELIGIBLE""]",con_000274_1,,,,,,prospect
acc_000275,clean_prospect,,contact,"[""ELIGIBLE""]",con_000275_1,,,,,,prospect
acc_000276,ae_assigned,,handoff_ae,"[""AE_ASSIGNED""]",,,ae_026,OWNER,,,ae_assigned
acc_000277,active_opportunity,,suppress,"[""ACTIVE_OPPORTUNITY""]",,,,,,,active_opportunity
acc_000278,ae_assigned,,handoff_ae,"[""AE_ASSIGNED""]",,,ae_034,OWNER,,,ae_assigned
acc_000279,clean_prospect,,contact,"[""ELIGIBLE""]",con_000279_1,,,,,,prospect
acc_000280,clean_prospect,,contact,"[""ELIGIBLE""]",con_000280_2,,,,,,prospect
acc_000281,partial_contact_suppression,,contact,"[""ELIGIBLE""]",con_000281_3,,,,,,prospect
acc_000282,clean_prospect,,contact,"[""ELIGIBLE""]",con_000282_3,,,,,,prospect
acc_000283,recent_outreach,,wait,"[""RECENT_OUTREACH""]",,2026-10-07T17:31:00Z,,,,,prospect
acc_000284,recent_outreach,,wait,"[""RECENT_OUTREACH""]",,2026-10-03T09:31:00Z,,,,,prospect
acc_000285,clean_prospect,,contact,"[""ELIGIBLE""]",con_000285_2,,,,,,prospect
acc_000286,churned_customer,,escalate_human,"[""CHURNED_CUSTOMER""]",,,,,,,churned_customer
acc_000287,ae_assigned,,handoff_ae,"[""AE_ASSIGNED""]",,,ae_031,OWNER,,,ae_assigned
acc_000288,clean_prospect,,contact,"[""ELIGIBLE""]",con_000288_1,,,,,,prospect
acc_000289,closed_lost_recent,,wait,"[""CLOSED_LOST_COOLDOWN""]",,2026-11-18T16:00:00Z,,,,,prospect
acc_000290,partial_contact_suppression,,contact,"[""ELIGIBLE""]",con_000290_1,,,,,,prospect
acc_000291,clean_prospect,,contact,"[""ELIGIBLE""]",con_000291_1,,,,,,prospect
acc_000292,recent_outreach,,wait,"[""RECENT_OUTREACH""]",,2026-10-08T14:00:00Z,,,,,prospect
acc_000293,suppressed,complaint,suppress,"[""SPAM_COMPLAINT""]",,,,,,,prospect
acc_000294,closed_lost_recent,,wait,"[""CLOSED_LOST_COOLDOWN""]",,2026-11-13T16:00:00Z,,,,,prospect
acc_000295,race_late_unsubscribe,,contact,"[""ELIGIBLE""]",con_000295_2,,,,,late_unsubscribe,prospect
acc_000296,conflict_state,prospect_with_won_opp,escalate_human,"[""STATE_CONFLICT""]",,,,,,,prospect
acc_000297,low_icp,tiny,suppress,"[""NOT_ICP""]",,,,,,,prospect
acc_000298,clean_prospect,,contact,"[""ELIGIBLE""]",con_000298_1,,,,,,prospect
acc_000299,customer,,suppress,"[""CUSTOMER""]",,,,,,,customer
acc_000300,low_icp,gov_ngo,suppress,"[""NOT_ICP""]",,,,,,,prospect
acc_000301,clean_prospect,,contact,"[""ELIGIBLE""]",con_000301_4,,,,,,prospect
acc_000302,ae_assigned,,handoff_ae,"[""AE_ASSIGNED""]",,,ae_037,OWNER,,,ae_assigned
acc_000303,clean_prospect,,contact,"[""ELIGIBLE""]",con_000303_2,,,,,,prospect
acc_000304,churned_customer,,escalate_human,"[""CHURNED_CUSTOMER""]",,,,,,,churned_customer
acc_000305,ae_assigned,,handoff_ae,"[""AE_ASSIGNED""]",,,ae_019,OWNER,,,ae_assigned
acc_000306,ae_assigned,,handoff_ae,"[""AE_ASSIGNED""]",,,ae_037,OWNER,,,ae_assigned
acc_000307,missing_data,all_invalid,enrich,"[""NO_VALID_EMAIL""]",,,,,,,prospect
acc_000308,max_touches_no_reply,,wait,"[""SEQUENCE_EXHAUSTED""]",,2026-12-12T12:26:00Z,,,,,prospect
acc_000309,customer,,suppress,"[""CUSTOMER""]",,,,,,,customer
acc_000310,closed_lost_recent,,wait,"[""CLOSED_LOST_COOLDOWN""]",,2026-11-03T16:00:00Z,,,,,prospect
acc_000311,recent_outreach,,wait,"[""RECENT_OUTREACH""]",,2026-10-08T09:10:00Z,,,,,prospect
acc_000312,missing_data,all_invalid,enrich,"[""NO_VALID_EMAIL""]",,,,,,,prospect
acc_000313,ae_assigned,,handoff_ae,"[""AE_ASSIGNED""]",,,ae_001,OWNER,,,ae_assigned
acc_000314,customer,,suppress,"[""CUSTOMER""]",,,,,,,customer
acc_000315,clean_prospect,,contact,"[""ELIGIBLE""]",con_000315_2,,,,,,prospect
acc_000316,missing_data,all_invalid,enrich,"[""NO_VALID_EMAIL""]",,,,,,,prospect
acc_000317,clean_prospect,,contact,"[""ELIGIBLE""]",con_000317_1,,,,,,prospect
acc_000318,clean_prospect,,contact,"[""ELIGIBLE""]",con_000318_2,,,,,,prospect
acc_000319,missing_data,all_invalid,enrich,"[""NO_VALID_EMAIL""]",,,,,,,prospect
acc_000320,clean_prospect,,contact,"[""ELIGIBLE""]",con_000320_2,,,,,,prospect
acc_000321,clean_prospect,,contact,"[""ELIGIBLE""]",con_000321_1,,,,,,prospect
acc_000322,clean_prospect,,contact,"[""ELIGIBLE""]",con_000322_1,,,,,,prospect
acc_000323,duplicate_domain,,escalate_human,"[""DUPLICATE_ACCOUNT""]",,,,,acc_000234,,prospect
acc_000324,recent_outreach,,wait,"[""RECENT_OUTREACH""]",,2026-10-02T02:43:00Z,,,,,prospect
acc_000325,clean_prospect,,contact,"[""ELIGIBLE""]",con_000325_1,,,,,,prospect
acc_000326,clean_prospect,,contact,"[""ELIGIBLE""]",con_000326_3,,,,,,prospect
acc_000327,ae_assigned,,handoff_ae,"[""AE_ASSIGNED""]",,,ae_007,OWNER,,,ae_assigned
acc_000328,missing_data,all_invalid,enrich,"[""NO_VALID_EMAIL""]",,,,,,,prospect
acc_000329,clean_prospect,,contact,"[""ELIGIBLE""]",con_000329_3,,,,,,prospect
acc_000330,ae_assigned,,handoff_ae,"[""AE_ASSIGNED""]",,,ae_035,OWNER,,,ae_assigned
acc_000331,duplicate_domain,,escalate_human,"[""DUPLICATE_ACCOUNT""]",,,,,acc_000260,,prospect
acc_000332,ae_assigned,,handoff_ae,"[""AE_ASSIGNED""]",,,ae_013,OWNER,,,ae_assigned
acc_000333,clean_prospect,,contact,"[""ELIGIBLE""]",con_000333_1,,,,,,prospect
acc_000334,missing_data,all_invalid,enrich,"[""NO_VALID_EMAIL""]",,,,,,,prospect
acc_000335,clean_prospect,,contact,"[""ELIGIBLE""]",con_000335_2,,,,,,prospect
acc_000336,recent_outreach,,wait,"[""RECENT_OUTREACH""]",,2026-10-01T19:41:00Z,,,,,prospect
acc_000337,max_touches_no_reply,,wait,"[""SEQUENCE_EXHAUSTED""]",,2026-12-03T22:59:00Z,,,,,prospect
acc_000338,clean_prospect,,contact,"[""ELIGIBLE""]",con_000338_2,,,,,,prospect
acc_000339,clean_prospect,,contact,"[""ELIGIBLE""]",con_000339_1,,,,,,prospect
acc_000340,clean_prospect,,contact,"[""ELIGIBLE""]",con_000340_2,,,,,,prospect
acc_000341,clean_prospect,,contact,"[""ELIGIBLE""]",con_000341_2,,,,,,prospect
acc_000342,partial_contact_suppression,,contact,"[""ELIGIBLE""]",con_000342_2,,,,,,prospect
acc_000343,clean_prospect,,contact,"[""ELIGIBLE""]",con_000343_1,,,,,,prospect
acc_000344,clean_prospect,,contact,"[""ELIGIBLE""]",con_000344_3,,,,,,prospect
acc_000345,clean_prospect,,contact,"[""ELIGIBLE""]",con_000345_1,,,,,,prospect
acc_000346,max_touches_no_reply,,wait,"[""SEQUENCE_EXHAUSTED""]",,2026-11-27T20:54:00Z,,,,,prospect
acc_000347,recent_outreach,,wait,"[""RECENT_OUTREACH""]",,2026-10-12T15:29:00Z,,,,,prospect
acc_000348,partial_contact_suppression,,contact,"[""ELIGIBLE""]",con_000348_2,,,,,,prospect
acc_000349,recent_outreach,,wait,"[""RECENT_OUTREACH""]",,2026-10-01T23:04:00Z,,,,,prospect
acc_000350,clean_prospect,,contact,"[""ELIGIBLE""]",con_000350_1,,,,,,prospect
acc_000351,missing_data,all_invalid,enrich,"[""NO_VALID_EMAIL""]",,,,,,,prospect
acc_000352,recent_outreach,,wait,"[""RECENT_OUTREACH""]",,2026-10-07T16:02:00Z,,,,,prospect
acc_000353,ae_assigned,,handoff_ae,"[""AE_ASSIGNED""]",,,ae_021,OWNER,,,ae_assigned
acc_000354,clean_prospect,,contact,"[""ELIGIBLE""]",con_000354_1,,,,,,prospect
acc_000355,clean_prospect,,contact,"[""ELIGIBLE""]",con_000355_3,,,,,,prospect
acc_000356,recent_outreach,,wait,"[""RECENT_OUTREACH""]",,2026-10-04T20:13:00Z,,,,,prospect
acc_000357,ae_assigned,,handoff_ae,"[""AE_ASSIGNED""]",,,ae_008,OWNER,,,ae_assigned
acc_000358,recent_outreach,,wait,"[""RECENT_OUTREACH""]",,2026-10-05T07:38:00Z,,,,,prospect
acc_000359,clean_prospect,,contact,"[""ELIGIBLE""]",con_000359_3,,,,,,prospect
acc_000360,active_opportunity,,suppress,"[""ACTIVE_OPPORTUNITY""]",,,,,,,active_opportunity
acc_000361,active_opportunity,,suppress,"[""ACTIVE_OPPORTUNITY""]",,,,,,,active_opportunity
acc_000362,clean_prospect,,contact,"[""ELIGIBLE""]",con_000362_1,,,,,,prospect
acc_000363,duplicate_domain,,escalate_human,"[""DUPLICATE_ACCOUNT""]",,,,,acc_000452,,prospect
acc_000364,clean_prospect,,contact,"[""ELIGIBLE""]",con_000364_3,,,,,,prospect
acc_000365,clean_prospect,,contact,"[""ELIGIBLE""]",con_000365_1,,,,,,prospect
acc_000366,churned_customer,,escalate_human,"[""CHURNED_CUSTOMER""]",,,,,,,churned_customer
acc_000367,clean_prospect,,contact,"[""ELIGIBLE""]",con_000367_3,,,,,,prospect
acc_000368,clean_prospect,,contact,"[""ELIGIBLE""]",con_000368_1,,,,,,prospect
acc_000369,clean_prospect,,contact,"[""ELIGIBLE""]",con_000369_2,,,,,,prospect
acc_000370,max_touches_no_reply,,wait,"[""SEQUENCE_EXHAUSTED""]",,2026-10-20T19:09:00Z,,,,,prospect
acc_000371,clean_prospect,,contact,"[""ELIGIBLE""]",con_000371_2,,,,,,prospect
acc_000372,customer,,suppress,"[""CUSTOMER""]",,,,,,,customer
acc_000373,max_touches_no_reply,,wait,"[""SEQUENCE_EXHAUSTED""]",,2026-11-23T16:43:00Z,,,,,prospect
acc_000374,recent_outreach,,wait,"[""RECENT_OUTREACH""]",,2026-10-05T20:40:00Z,,,,,prospect
acc_000375,recent_outreach,,wait,"[""RECENT_OUTREACH""]",,2026-10-03T05:55:00Z,,,,,prospect
acc_000376,partial_contact_suppression,,contact,"[""ELIGIBLE""]",con_000376_2,,,,,,prospect
acc_000377,clean_prospect,,contact,"[""ELIGIBLE""]",con_000377_1,,,,,,prospect
acc_000378,clean_prospect,,contact,"[""ELIGIBLE""]",con_000378_1,,,,,,prospect
acc_000379,clean_prospect,,contact,"[""ELIGIBLE""]",con_000379_4,,,,,,prospect
acc_000380,clean_prospect,,contact,"[""ELIGIBLE""]",con_000380_1,,,,,,prospect
acc_000381,clean_prospect,,contact,"[""ELIGIBLE""]",con_000381_1,,,,,,prospect
acc_000382,ae_assigned,,handoff_ae,"[""AE_ASSIGNED""]",,,ae_007,OWNER,,,ae_assigned
acc_000383,max_touches_no_reply,,wait,"[""SEQUENCE_EXHAUSTED""]",,2026-12-26T07:26:00Z,,,,,prospect
acc_000384,customer,,suppress,"[""CUSTOMER""]",,,,,,,customer
acc_000385,clean_prospect,,contact,"[""ELIGIBLE""]",con_000385_2,,,,,,prospect
acc_000386,low_icp,tiny,suppress,"[""NOT_ICP""]",,,,,,,prospect
acc_000387,clean_prospect,,contact,"[""ELIGIBLE""]",con_000387_4,,,,,,prospect
acc_000388,clean_prospect,,contact,"[""ELIGIBLE""]",con_000388_2,,,,,,prospect
acc_000389,clean_prospect,,contact,"[""ELIGIBLE""]",con_000389_1,,,,,,prospect
acc_000390,clean_prospect,,contact,"[""ELIGIBLE""]",con_000390_5,,,,,,prospect
acc_000391,low_icp,tiny,suppress,"[""NOT_ICP""]",,,,,,,prospect
acc_000392,ae_assigned,,handoff_ae,"[""AE_ASSIGNED""]",,,ae_027,OWNER,,,ae_assigned
acc_000393,closed_lost_recent,,wait,"[""CLOSED_LOST_COOLDOWN""]",,2026-11-12T16:00:00Z,,,,,prospect
acc_000394,customer,,suppress,"[""CUSTOMER""]",,,,,,,customer
acc_000395,clean_prospect,,contact,"[""ELIGIBLE""]",con_000395_1,,,,,,prospect
acc_000396,active_opportunity,,suppress,"[""ACTIVE_OPPORTUNITY""]",,,,,,,active_opportunity
acc_000397,clean_prospect,,contact,"[""ELIGIBLE""]",con_000397_1,,,,,,prospect
acc_000398,recent_outreach,,wait,"[""RECENT_OUTREACH""]",,2026-10-11T21:21:00Z,,,,,prospect
acc_000399,clean_prospect,,contact,"[""ELIGIBLE""]",con_000399_3,,,,,,prospect
acc_000400,partial_contact_suppression,,contact,"[""ELIGIBLE""]",con_000400_1,,,,,,prospect
acc_000401,recent_outreach,,wait,"[""RECENT_OUTREACH""]",,2026-10-08T21:18:00Z,,,,,prospect
acc_000402,clean_prospect,,contact,"[""ELIGIBLE""]",con_000402_2,,,,,,prospect
acc_000403,partial_contact_suppression,,contact,"[""ELIGIBLE""]",con_000403_2,,,,,,prospect
acc_000404,clean_prospect,,contact,"[""ELIGIBLE""]",con_000404_1,,,,,,prospect
acc_000405,partial_contact_suppression,,contact,"[""ELIGIBLE""]",con_000405_2,,,,,,prospect
acc_000406,clean_prospect,,contact,"[""ELIGIBLE""]",con_000406_2,,,,,,prospect
acc_000407,recent_outreach,,wait,"[""RECENT_OUTREACH""]",,2026-10-12T08:16:00Z,,,,,prospect
acc_000408,clean_prospect,,contact,"[""ELIGIBLE""]",con_000408_1,,,,,,prospect
acc_000409,recent_outreach,,wait,"[""RECENT_OUTREACH""]",,2026-10-08T21:31:00Z,,,,,prospect
acc_000410,closed_lost_recent,,wait,"[""CLOSED_LOST_COOLDOWN""]",,2026-11-17T16:00:00Z,,,,,prospect
acc_000411,clean_prospect,,contact,"[""ELIGIBLE""]",con_000411_4,,,,,,prospect
acc_000412,clean_prospect,,contact,"[""ELIGIBLE""]",con_000412_3,,,,,,prospect
acc_000413,clean_prospect,,contact,"[""ELIGIBLE""]",con_000413_3,,,,,,prospect
acc_000414,recent_outreach,,wait,"[""RECENT_OUTREACH""]",,2026-10-03T19:01:00Z,,,,,prospect
acc_000415,clean_prospect,,contact,"[""ELIGIBLE""]",con_000415_2,,,,,,prospect
acc_000416,max_touches_no_reply,,wait,"[""SEQUENCE_EXHAUSTED""]",,2026-10-21T06:19:00Z,,,,,prospect
acc_000417,clean_prospect,,contact,"[""ELIGIBLE""]",con_000417_2,,,,,,prospect
acc_000418,missing_data,unverified_only,enrich,"[""UNVERIFIED_EMAIL_ONLY""]",,,,,,,prospect
acc_000419,max_touches_no_reply,,wait,"[""SEQUENCE_EXHAUSTED""]",,2026-11-18T11:06:00Z,,,,,prospect
acc_000420,missing_data,unverified_only,escalate_human,"[""ENRICHMENT_EXHAUSTED""]",,,,,,,prospect
acc_000421,low_icp,tiny,suppress,"[""NOT_ICP""]",,,,,,,prospect
acc_000422,clean_prospect,,contact,"[""ELIGIBLE""]",con_000422_1,,,,,,prospect
acc_000423,clean_prospect,,contact,"[""ELIGIBLE""]",con_000423_3,,,,,,prospect
acc_000424,customer,,suppress,"[""CUSTOMER""]",,,,,,,customer
acc_000425,low_icp,tiny,suppress,"[""NOT_ICP""]",,,,,,,prospect
acc_000426,closed_lost_recent,,wait,"[""CLOSED_LOST_COOLDOWN""]",,2026-10-13T16:00:00Z,,,,,prospect
acc_000427,clean_prospect,,contact,"[""ELIGIBLE""]",con_000427_1,,,,,,prospect
acc_000428,ae_assigned,,handoff_ae,"[""AE_ASSIGNED""]",,,ae_019,OWNER,,,ae_assigned
acc_000429,ae_assigned,,handoff_ae,"[""AE_ASSIGNED""]",,,ae_037,OWNER,,,ae_assigned
acc_000430,customer,,suppress,"[""CUSTOMER""]",,,,,,,customer
acc_000431,max_touches_no_reply,,wait,"[""SEQUENCE_EXHAUSTED""]",,2026-12-16T08:50:00Z,,,,,prospect
acc_000432,closed_lost_recent,,wait,"[""CLOSED_LOST_COOLDOWN""]",,2026-10-16T16:00:00Z,,,,,prospect
acc_000433,clean_prospect,,contact,"[""ELIGIBLE""]",con_000433_3,,,,,,prospect
acc_000434,recent_outreach,,wait,"[""RECENT_OUTREACH""]",,2026-10-02T05:39:00Z,,,,,prospect
acc_000435,recent_outreach,,wait,"[""RECENT_OUTREACH""]",,2026-10-13T08:20:00Z,,,,,prospect
acc_000436,clean_prospect,,contact,"[""ELIGIBLE""]",con_000436_2,,,,,,prospect
acc_000437,max_touches_no_reply,,wait,"[""SEQUENCE_EXHAUSTED""]",,2026-11-28T03:05:00Z,,,,,prospect
acc_000438,ae_assigned,,handoff_ae,"[""AE_ASSIGNED""]",,,ae_027,OWNER,,,ae_assigned
acc_000439,clean_prospect,,contact,"[""ELIGIBLE""]",con_000439_1,,,,,,prospect
acc_000440,active_opportunity,,suppress,"[""ACTIVE_OPPORTUNITY""]",,,,,,,active_opportunity
acc_000441,clean_prospect,,contact,"[""ELIGIBLE""]",con_000441_1,,,,,,prospect
acc_000442,churned_customer,,escalate_human,"[""CHURNED_CUSTOMER""]",,,,,,,churned_customer
acc_000443,clean_prospect,,contact,"[""ELIGIBLE""]",con_000443_1,,,,,,prospect
acc_000444,low_icp,tiny,suppress,"[""NOT_ICP""]",,,,,,,prospect
acc_000445,clean_prospect,,contact,"[""ELIGIBLE""]",con_000445_1,,,,,,prospect
acc_000446,ae_assigned,,handoff_ae,"[""AE_ASSIGNED""]",,,ae_001,OWNER,,,ae_assigned
acc_000447,recent_outreach,,wait,"[""RECENT_OUTREACH""]",,2026-10-13T20:27:00Z,,,,,prospect
acc_000448,max_touches_no_reply,,wait,"[""SEQUENCE_EXHAUSTED""]",,2027-01-11T17:30:00Z,,,,,prospect
acc_000449,clean_prospect,,contact,"[""ELIGIBLE""]",con_000449_1,,,,,,prospect
acc_000450,customer,,suppress,"[""CUSTOMER""]",,,,,,,customer
acc_000451,clean_prospect,,contact,"[""ELIGIBLE""]",con_000451_2,,,,,,prospect
acc_000452,clean_prospect,,contact,"[""ELIGIBLE""]",con_000452_1,,,,,,prospect
acc_000453,ae_assigned,,handoff_ae,"[""AE_ASSIGNED""]",,,ae_037,OWNER,,,ae_assigned
acc_000454,clean_prospect,,contact,"[""ELIGIBLE""]",con_000454_1,,,,,,prospect
acc_000455,clean_prospect,,contact,"[""ELIGIBLE""]",con_000455_3,,,,,,prospect
acc_000456,duplicate_domain,,escalate_human,"[""DUPLICATE_ACCOUNT""]",,,,,acc_000497,,prospect
acc_000457,clean_prospect,,contact,"[""ELIGIBLE""]",con_000457_1,,,,,,prospect
acc_000458,customer,,suppress,"[""CUSTOMER""]",,,,,,,customer
acc_000459,missing_data,missing_firmo,enrich,"[""MISSING_FIRMOGRAPHICS""]",,,,,,,prospect
acc_000460,customer,,suppress,"[""CUSTOMER""]",,,,,,,customer
acc_000461,closed_lost_recent,,wait,"[""CLOSED_LOST_COOLDOWN""]",,2026-12-17T16:00:00Z,,,,,prospect
acc_000462,customer,,suppress,"[""CUSTOMER""]",,,,,,,customer
acc_000463,clean_prospect,,contact,"[""ELIGIBLE""]",con_000463_1,,,,,,prospect
acc_000464,ae_assigned,,handoff_ae,"[""AE_ASSIGNED""]",,,ae_001,OWNER,,,ae_assigned
acc_000465,clean_prospect,,contact,"[""ELIGIBLE""]",con_000465_1,,,,,,prospect
acc_000466,duplicate_domain,,escalate_human,"[""DUPLICATE_ACCOUNT""]",,,,,acc_000326,,prospect
acc_000467,recent_outreach,,wait,"[""RECENT_OUTREACH""]",,2026-10-11T10:42:00Z,,,,,prospect
acc_000468,clean_prospect,,contact,"[""ELIGIBLE""]",con_000468_4,,,,,,prospect
acc_000469,recent_outreach,,wait,"[""RECENT_OUTREACH""]",,2026-10-06T13:59:00Z,,,,,prospect
acc_000470,suppressed,competitor,suppress,"[""COMPETITOR""]",,,,,,,prospect
acc_000471,clean_prospect,,contact,"[""ELIGIBLE""]",con_000471_1,,,,,,prospect
acc_000472,churned_customer,,escalate_human,"[""CHURNED_CUSTOMER""]",,,,,,,churned_customer
acc_000473,clean_prospect,,contact,"[""ELIGIBLE""]",con_000473_2,,,,,,prospect
acc_000474,ae_assigned,,handoff_ae,"[""AE_ASSIGNED""]",,,ae_021,OWNER,,,ae_assigned
acc_000475,clean_prospect,,contact,"[""ELIGIBLE""]",con_000475_1,,,,,,prospect
acc_000476,clean_prospect,,contact,"[""ELIGIBLE""]",con_000476_1,,,,,,prospect
acc_000477,conflict_state,prospect_with_won_opp,escalate_human,"[""STATE_CONFLICT""]",,,,,,,prospect
acc_000478,customer,,suppress,"[""CUSTOMER""]",,,,,,,customer
acc_000479,conflict_state,customer_without_won_opp,escalate_human,"[""STATE_CONFLICT""]",,,,,,,prospect
acc_000480,duplicate_domain,,escalate_human,"[""DUPLICATE_ACCOUNT""]",,,,,acc_000433,,prospect
acc_000481,ae_assigned,,handoff_ae,"[""AE_ASSIGNED""]",,,ae_032,OWNER,,,ae_assigned
acc_000482,clean_prospect,,contact,"[""ELIGIBLE""]",con_000482_1,,,,,,prospect
acc_000483,recent_outreach,,wait,"[""RECENT_OUTREACH""]",,2026-10-11T21:59:00Z,,,,,prospect
acc_000484,recent_outreach,,wait,"[""RECENT_OUTREACH""]",,2026-10-12T21:46:00Z,,,,,prospect
acc_000485,clean_prospect,,contact,"[""ELIGIBLE""]",con_000485_2,,,,,,prospect
acc_000486,churned_customer,,escalate_human,"[""CHURNED_CUSTOMER""]",,,,,,,churned_customer
acc_000487,recent_outreach,,wait,"[""RECENT_OUTREACH""]",,2026-10-13T22:01:00Z,,,,,prospect
acc_000488,missing_data,stale,enrich,"[""STALE_ENRICHMENT""]",,,,,,,prospect
acc_000489,ae_assigned,,handoff_ae,"[""AE_ASSIGNED""]",,,ae_007,OWNER,,,ae_assigned
acc_000490,max_touches_no_reply,,wait,"[""SEQUENCE_EXHAUSTED""]",,2026-10-24T09:54:00Z,,,,,prospect
acc_000491,suppressed,competitor,suppress,"[""COMPETITOR""]",,,,,,,prospect
acc_000492,recent_outreach,,wait,"[""RECENT_OUTREACH""]",,2026-10-03T22:12:00Z,,,,,prospect
acc_000493,recent_outreach,,wait,"[""RECENT_OUTREACH""]",,2026-10-06T08:44:00Z,,,,,prospect
acc_000494,clean_prospect,,contact,"[""ELIGIBLE""]",con_000494_1,,,,,,prospect
acc_000495,clean_prospect,,contact,"[""ELIGIBLE""]",con_000495_1,,,,,,prospect
acc_000496,clean_prospect,,contact,"[""ELIGIBLE""]",con_000496_2,,,,,,prospect
acc_000497,clean_prospect,,contact,"[""ELIGIBLE""]",con_000497_1,,,,,,prospect
acc_000498,recent_outreach,,wait,"[""RECENT_OUTREACH""]",,2026-10-12T14:37:00Z,,,,,prospect
acc_000499,max_touches_no_reply,,wait,"[""SEQUENCE_EXHAUSTED""]",,2026-12-23T16:05:00Z,,,,,prospect
acc_000500,customer,,suppress,"[""CUSTOMER""]",,,,,,,customer
