fact_id,account_id,trap,usable_for_personalization
fct_000001_1,acc_000001,stale,False
fct_000002_1,acc_000002,stale,False
fct_000002_2,acc_000002,stale,False
fct_000002_3,acc_000002,,True
fct_000003_1,acc_000003,,True
fct_000003_2,acc_000003,stale,False
fct_000004_1,acc_000004,,True
fct_000004_2,acc_000004,,True
fct_000006_1,acc_000006,,True
fct_000008_1,acc_000008,stale,False
fct_000008_2,acc_000008,stale,False
fct_000009_1,acc_000009,,True
fct_000013_1,acc_000013,,True
fct_000013_2,acc_000013,,True
fct_000013_3,acc_000013,stale,False
fct_000014_1,acc_000014,stale,False
fct_000015_1,acc_000015,,True
fct_000019_1,acc_000019,,True
fct_000019_2,acc_000019,unverified_hypothesis,False
fct_000020_1,acc_000020,unverified_hypothesis,False
fct_000020_2,acc_000020,,True
fct_000020_3,acc_000020,stale,False
fct_000021_1,acc_000021,,True
fct_000021_2,acc_000021,stale,False
fct_000022_1,acc_000022,,True
fct_000022_2,acc_000022,,True
fct_000023_1,acc_000023,,True
fct_000023_2,acc_000023,,True
fct_000026_1,acc_000026,name_collision,False
fct_000026_2,acc_000026,,True
fct_000026_3,acc_000026,stale,False
fct_000026_4,acc_000026,unverified_hypothesis,False
fct_000027_1,acc_000027,stale,False
fct_000027_2,acc_000027,,True
fct_000027_3,acc_000027,,True
fct_000029_1,acc_000029,stale,False
fct_000029_2,acc_000029,,True
fct_000030_1,acc_000030,,True
fct_000030_2,acc_000030,,True
fct_000031_1,acc_000031,,True
fct_000031_2,acc_000031,stale,False
fct_000031_3,acc_000031,contradicts_firmographics,False
fct_000031_4,acc_000031,stale,False
fct_000032_1,acc_000032,,True
fct_000032_2,acc_000032,contradicts_firmographics,False
fct_000032_3,acc_000032,unverified_hypothesis,False
fct_000035_1,acc_000035,,True
fct_000035_2,acc_000035,,True
fct_000037_1,acc_000037,,True
fct_000037_2,acc_000037,unverified_hypothesis,False
fct_000037_3,acc_000037,unverified_hypothesis,False
fct_000038_1,acc_000038,contradicts_firmographics,False
fct_000040_1,acc_000040,,True
fct_000040_2,acc_000040,unverified_hypothesis,False
fct_000040_3,acc_000040,,True
fct_000041_1,acc_000041,,True
fct_000041_2,acc_000041,,True
fct_000042_1,acc_000042,,True
fct_000044_1,acc_000044,,True
fct_000044_2,acc_000044,,True
fct_000044_3,acc_000044,,True
fct_000044_4,acc_000044,unverified_hypothesis,False
fct_000045_1,acc_000045,unverified_hypothesis,False
fct_000045_2,acc_000045,stale,False
fct_000045_3,acc_000045,,True
fct_000045_4,acc_000045,stale,False
fct_000046_1,acc_000046,stale,False
fct_000046_2,acc_000046,,True
fct_000046_3,acc_000046,,True
fct_000046_4,acc_000046,,True
fct_000047_1,acc_000047,,True
fct_000047_2,acc_000047,stale,False
fct_000047_3,acc_000047,,True
fct_000048_1,acc_000048,,True
fct_000048_2,acc_000048,unverified_hypothesis,False
fct_000049_1,acc_000049,,True
fct_000049_2,acc_000049,,True
fct_000050_1,acc_000050,,True
fct_000050_2,acc_000050,,True
fct_000051_1,acc_000051,,True
fct_000051_2,acc_000051,unverified_hypothesis,False
fct_000051_3,acc_000051,stale,False
fct_000053_1,acc_000053,name_collision,False
fct_000054_1,acc_000054,,True
fct_000055_1,acc_000055,,True
fct_000055_2,acc_000055,,True
fct_000055_3,acc_000055,,True
fct_000055_4,acc_000055,stale,False
fct_000055_5,acc_000055,,True
fct_000056_1,acc_000056,,True
fct_000057_1,acc_000057,unverified_hypothesis,False
fct_000058_1,acc_000058,stale,False
fct_000058_2,acc_000058,,True
fct_000058_3,acc_000058,,True
fct_000060_1,acc_000060,,True
fct_000060_2,acc_000060,,True
fct_000060_3,acc_000060,,True
fct_000062_1,acc_000062,,True
fct_000063_1,acc_000063,,True
fct_000064_1,acc_000064,stale,False
fct_000064_2,acc_000064,,True
fct_000064_3,acc_000064,unverified_hypothesis,False
fct_000064_4,acc_000064,,True
fct_000066_1,acc_000066,stale,False
fct_000066_2,acc_000066,,True
fct_000068_1,acc_000068,stale,False
fct_000068_2,acc_000068,,True
fct_000070_1,acc_000070,stale,False
fct_000070_2,acc_000070,,True
fct_000070_3,acc_000070,,True
fct_000070_4,acc_000070,,True
fct_000071_1,acc_000071,,True
fct_000071_2,acc_000071,,True
fct_000071_3,acc_000071,,True
fct_000071_4,acc_000071,,True
fct_000072_1,acc_000072,,True
fct_000072_2,acc_000072,stale,False
fct_000072_3,acc_000072,,True
fct_000074_1,acc_000074,,True
fct_000074_2,acc_000074,,True
fct_000074_3,acc_000074,,True
fct_000075_1,acc_000075,,True
fct_000077_1,acc_000077,,True
fct_000079_1,acc_000079,,True
fct_000080_1,acc_000080,,True
fct_000081_1,acc_000081,stale,False
fct_000081_2,acc_000081,,True
fct_000081_3,acc_000081,,True
fct_000081_4,acc_000081,,True
fct_000081_5,acc_000081,,True
fct_000083_1,acc_000083,,True
fct_000084_1,acc_000084,,True
fct_000084_2,acc_000084,,True
fct_000084_3,acc_000084,,True
fct_000086_1,acc_000086,,True
fct_000086_2,acc_000086,,True
fct_000086_3,acc_000086,unverified_hypothesis,False
fct_000087_1,acc_000087,stale,False
fct_000087_2,acc_000087,,True
fct_000087_3,acc_000087,,True
fct_000088_1,acc_000088,,True
fct_000088_2,acc_000088,stale,False
fct_000088_3,acc_000088,,True
fct_000090_1,acc_000090,,True
fct_000092_1,acc_000092,,True
fct_000093_1,acc_000093,,True
fct_000093_2,acc_000093,,True
fct_000093_3,acc_000093,,True
fct_000094_1,acc_000094,,True
fct_000094_2,acc_000094,,True
fct_000095_1,acc_000095,,True
fct_000096_1,acc_000096,,True
fct_000097_1,acc_000097,name_collision,False
fct_000098_1,acc_000098,stale,False
fct_000098_2,acc_000098,,True
fct_000099_1,acc_000099,unverified_hypothesis,False
fct_000099_2,acc_000099,,True
fct_000100_1,acc_000100,,True
fct_000101_1,acc_000101,,True
fct_000103_1,acc_000103,stale,False
fct_000103_2,acc_000103,unverified_hypothesis,False
fct_000103_3,acc_000103,unverified_hypothesis,False
fct_000105_1,acc_000105,,True
fct_000105_2,acc_000105,,True
fct_000105_3,acc_000105,,True
fct_000105_4,acc_000105,stale,False
fct_000105_5,acc_000105,,True
fct_000106_1,acc_000106,,True
fct_000106_2,acc_000106,stale,False
fct_000106_3,acc_000106,stale,False
fct_000106_4,acc_000106,,True
fct_000107_1,acc_000107,,True
fct_000107_2,acc_000107,,True
fct_000107_3,acc_000107,,True
fct_000108_1,acc_000108,unverified_hypothesis,False
fct_000109_1,acc_000109,unverified_hypothesis,False
fct_000109_2,acc_000109,stale,False
fct_000109_3,acc_000109,stale,False
fct_000112_1,acc_000112,,True
fct_000112_2,acc_000112,,True
fct_000113_1,acc_000113,,True
fct_000113_2,acc_000113,unverified_hypothesis,False
fct_000113_3,acc_000113,unverified_hypothesis,False
fct_000114_1,acc_000114,stale,False
fct_000114_2,acc_000114,,True
fct_000114_3,acc_000114,,True
fct_000114_4,acc_000114,,True
fct_000115_1,acc_000115,,True
fct_000115_2,acc_000115,,True
fct_000115_3,acc_000115,,True
fct_000117_1,acc_000117,stale,False
fct_000117_2,acc_000117,name_collision,False
fct_000117_3,acc_000117,,True
fct_000118_1,acc_000118,,True
fct_000118_2,acc_000118,,True
fct_000121_1,acc_000121,,True
fct_000122_1,acc_000122,,True
fct_000122_2,acc_000122,stale,False
fct_000123_1,acc_000123,name_collision,False
fct_000123_2,acc_000123,stale,False
fct_000124_1,acc_000124,,True
fct_000124_2,acc_000124,,True
fct_000124_3,acc_000124,unverified_hypothesis,False
fct_000126_1,acc_000126,,True
fct_000126_2,acc_000126,,True
fct_000126_3,acc_000126,,True
fct_000127_1,acc_000127,stale,False
fct_000127_2,acc_000127,,True
fct_000127_3,acc_000127,,True
fct_000129_1,acc_000129,name_collision,False
fct_000131_1,acc_000131,stale,False
fct_000132_1,acc_000132,,True
fct_000132_2,acc_000132,,True
fct_000133_1,acc_000133,,True
fct_000133_2,acc_000133,name_collision,False
fct_000135_1,acc_000135,,True
fct_000136_1,acc_000136,stale,False
fct_000137_1,acc_000137,,True
fct_000137_2,acc_000137,,True
fct_000137_3,acc_000137,,True
fct_000138_1,acc_000138,name_collision,False
fct_000138_2,acc_000138,,True
fct_000140_1,acc_000140,,True
fct_000140_2,acc_000140,stale,False
fct_000140_3,acc_000140,stale,False
fct_000141_1,acc_000141,contradicts_firmographics,False
fct_000141_2,acc_000141,,True
fct_000144_1,acc_000144,stale,False
fct_000144_2,acc_000144,,True
fct_000146_1,acc_000146,stale,False
fct_000146_2,acc_000146,,True
fct_000146_3,acc_000146,,True
fct_000147_1,acc_000147,unverified_hypothesis,False
fct_000147_2,acc_000147,stale,False
fct_000148_1,acc_000148,contradicts_firmographics,False
fct_000148_2,acc_000148,,True
fct_000148_3,acc_000148,,True
fct_000149_1,acc_000149,,True
fct_000149_2,acc_000149,stale,False
fct_000149_3,acc_000149,,True
fct_000150_1,acc_000150,,True
fct_000150_2,acc_000150,stale,False
fct_000151_1,acc_000151,stale,False
fct_000152_1,acc_000152,,True
fct_000153_1,acc_000153,,True
fct_000153_2,acc_000153,,True
fct_000154_1,acc_000154,,True
fct_000154_2,acc_000154,stale,False
fct_000155_1,acc_000155,stale,False
fct_000155_2,acc_000155,,True
fct_000156_1,acc_000156,,True
fct_000156_2,acc_000156,,True
fct_000156_3,acc_000156,stale,False
fct_000156_4,acc_000156,,True
fct_000157_1,acc_000157,stale,False
fct_000157_2,acc_000157,,True
fct_000157_3,acc_000157,contradicts_firmographics,False
fct_000157_4,acc_000157,,True
fct_000157_5,acc_000157,,True
fct_000158_1,acc_000158,,True
fct_000158_2,acc_000158,unverified_hypothesis,False
fct_000159_1,acc_000159,,True
fct_000159_2,acc_000159,,True
fct_000160_1,acc_000160,,True
fct_000161_1,acc_000161,contradicts_firmographics,False
fct_000162_1,acc_000162,name_collision,False
fct_000162_2,acc_000162,,True
fct_000162_3,acc_000162,,True
fct_000163_1,acc_000163,stale,False
fct_000164_1,acc_000164,,True
fct_000164_2,acc_000164,,True
fct_000165_1,acc_000165,,True
fct_000166_1,acc_000166,unverified_hypothesis,False
fct_000166_2,acc_000166,,True
fct_000166_3,acc_000166,,True
fct_000167_1,acc_000167,,True
fct_000167_2,acc_000167,,True
fct_000167_3,acc_000167,unverified_hypothesis,False
fct_000168_1,acc_000168,stale,False
fct_000168_2,acc_000168,,True
fct_000168_3,acc_000168,stale,False
fct_000168_4,acc_000168,,True
fct_000169_1,acc_000169,name_collision,False
fct_000170_1,acc_000170,,True
fct_000170_2,acc_000170,unverified_hypothesis,False
fct_000172_1,acc_000172,,True
fct_000172_2,acc_000172,,True
fct_000173_1,acc_000173,,True
fct_000173_2,acc_000173,unverified_hypothesis,False
fct_000174_1,acc_000174,,True
fct_000174_2,acc_000174,,True
fct_000174_3,acc_000174,,True
fct_000177_1,acc_000177,,True
fct_000177_2,acc_000177,stale,False
fct_000178_1,acc_000178,name_collision,False
fct_000178_2,acc_000178,,True
fct_000179_1,acc_000179,,True
fct_000179_2,acc_000179,stale,False
fct_000180_1,acc_000180,contradicts_firmographics,False
fct_000181_1,acc_000181,,True
fct_000181_2,acc_000181,,True
fct_000183_1,acc_000183,,True
fct_000183_2,acc_000183,,True
fct_000184_1,acc_000184,,True
fct_000184_2,acc_000184,,True
fct_000184_3,acc_000184,,True
fct_000184_4,acc_000184,stale,False
fct_000184_5,acc_000184,,True
fct_000185_1,acc_000185,,True
fct_000185_2,acc_000185,,True
fct_000185_3,acc_000185,,True
fct_000186_1,acc_000186,,True
fct_000186_2,acc_000186,,True
fct_000186_3,acc_000186,stale,False
fct_000186_4,acc_000186,,True
fct_000188_1,acc_000188,stale,False
fct_000188_2,acc_000188,,True
fct_000188_3,acc_000188,stale,False
fct_000189_1,acc_000189,name_collision,False
fct_000189_2,acc_000189,,True
fct_000190_1,acc_000190,,True
fct_000191_1,acc_000191,,True
fct_000191_2,acc_000191,unverified_hypothesis,False
fct_000191_3,acc_000191,unverified_hypothesis,False
fct_000191_4,acc_000191,,True
fct_000192_1,acc_000192,,True
fct_000193_1,acc_000193,,True
fct_000194_1,acc_000194,unverified_hypothesis,False
fct_000194_2,acc_000194,,True
fct_000194_3,acc_000194,,True
fct_000194_4,acc_000194,unverified_hypothesis,False
fct_000195_1,acc_000195,stale,False
fct_000195_2,acc_000195,,True
fct_000197_1,acc_000197,,True
fct_000199_1,acc_000199,stale,False
fct_000199_2,acc_000199,unverified_hypothesis,False
fct_000199_3,acc_000199,,True
fct_000199_4,acc_000199,,True
fct_000200_1,acc_000200,,True
fct_000200_2,acc_000200,,True
fct_000200_3,acc_000200,name_collision,False
fct_000201_1,acc_000201,,True
fct_000201_2,acc_000201,,True
fct_000201_3,acc_000201,,True
fct_000202_1,acc_000202,,True
fct_000202_2,acc_000202,stale,False
fct_000203_1,acc_000203,,True
fct_000204_1,acc_000204,stale,False
fct_000205_1,acc_000205,,True
fct_000206_1,acc_000206,contradicts_firmographics,False
fct_000207_1,acc_000207,,True
fct_000208_1,acc_000208,,True
fct_000208_2,acc_000208,stale,False
fct_000209_1,acc_000209,,True
fct_000209_2,acc_000209,,True
fct_000209_3,acc_000209,,True
fct_000210_1,acc_000210,,True
fct_000210_2,acc_000210,,True
fct_000211_1,acc_000211,,True
fct_000211_2,acc_000211,,True
fct_000212_1,acc_000212,,True
fct_000212_2,acc_000212,,True
fct_000212_3,acc_000212,,True
fct_000213_1,acc_000213,,True
fct_000213_2,acc_000213,,True
fct_000214_1,acc_000214,stale,False
fct_000214_2,acc_000214,unverified_hypothesis,False
fct_000215_1,acc_000215,contradicts_firmographics,False
fct_000216_1,acc_000216,,True
fct_000217_1,acc_000217,,True
fct_000217_2,acc_000217,,True
fct_000217_3,acc_000217,,True
fct_000218_1,acc_000218,stale,False
fct_000219_1,acc_000219,,True
fct_000220_1,acc_000220,,True
fct_000220_2,acc_000220,contradicts_firmographics,False
fct_000222_1,acc_000222,,True
fct_000222_2,acc_000222,,True
fct_000222_3,acc_000222,,True
fct_000223_1,acc_000223,,True
fct_000223_2,acc_000223,,True
fct_000223_3,acc_000223,stale,False
fct_000223_4,acc_000223,,True
fct_000223_5,acc_000223,,True
fct_000225_1,acc_000225,,True
fct_000225_2,acc_000225,unverified_hypothesis,False
fct_000227_1,acc_000227,,True
fct_000228_1,acc_000228,,True
fct_000229_1,acc_000229,contradicts_firmographics,False
fct_000229_2,acc_000229,stale,False
fct_000230_1,acc_000230,unverified_hypothesis,False
fct_000230_2,acc_000230,,True
fct_000230_3,acc_000230,stale,False
fct_000231_1,acc_000231,,True
fct_000231_2,acc_000231,,True
fct_000231_3,acc_000231,stale,False
fct_000231_4,acc_000231,,True
fct_000231_5,acc_000231,stale,False
fct_000232_1,acc_000232,,True
fct_000232_2,acc_000232,,True
fct_000233_1,acc_000233,contradicts_firmographics,False
fct_000235_1,acc_000235,,True
fct_000236_1,acc_000236,,True
fct_000236_2,acc_000236,stale,False
fct_000236_3,acc_000236,unverified_hypothesis,False
fct_000236_4,acc_000236,unverified_hypothesis,False
fct_000238_1,acc_000238,,True
fct_000238_2,acc_000238,unverified_hypothesis,False
fct_000238_3,acc_000238,contradicts_firmographics,False
fct_000238_4,acc_000238,,True
fct_000239_1,acc_000239,,True
fct_000239_2,acc_000239,,True
fct_000240_1,acc_000240,unverified_hypothesis,False
fct_000242_1,acc_000242,stale,False
fct_000242_2,acc_000242,,True
fct_000243_1,acc_000243,,True
fct_000243_2,acc_000243,,True
fct_000243_3,acc_000243,,True
fct_000244_1,acc_000244,,True
fct_000244_2,acc_000244,stale,False
fct_000244_3,acc_000244,,True
fct_000245_1,acc_000245,,True
fct_000246_1,acc_000246,,True
fct_000246_2,acc_000246,,True
fct_000247_1,acc_000247,,True
fct_000247_2,acc_000247,,True
fct_000247_3,acc_000247,,True
fct_000248_1,acc_000248,,True
fct_000248_2,acc_000248,,True
fct_000249_1,acc_000249,unverified_hypothesis,False
fct_000249_2,acc_000249,,True
fct_000249_3,acc_000249,,True
fct_000251_1,acc_000251,,True
fct_000251_2,acc_000251,stale,False
fct_000251_3,acc_000251,,True
fct_000252_1,acc_000252,,True
fct_000253_1,acc_000253,,True
fct_000254_1,acc_000254,unverified_hypothesis,False
fct_000255_1,acc_000255,unverified_hypothesis,False
fct_000255_2,acc_000255,unverified_hypothesis,False
fct_000255_3,acc_000255,,True
fct_000256_1,acc_000256,stale,False
fct_000256_2,acc_000256,stale,False
fct_000256_3,acc_000256,,True
fct_000256_4,acc_000256,,True
fct_000256_5,acc_000256,name_collision,False
fct_000257_1,acc_000257,contradicts_firmographics,False
fct_000257_2,acc_000257,,True
fct_000258_1,acc_000258,contradicts_firmographics,False
fct_000259_1,acc_000259,unverified_hypothesis,False
fct_000259_2,acc_000259,stale,False
fct_000260_1,acc_000260,,True
fct_000261_1,acc_000261,contradicts_firmographics,False
fct_000261_2,acc_000261,,True
fct_000262_1,acc_000262,stale,False
fct_000262_2,acc_000262,,True
fct_000263_1,acc_000263,,True
fct_000263_2,acc_000263,,True
fct_000264_1,acc_000264,unverified_hypothesis,False
fct_000264_2,acc_000264,stale,False
fct_000264_3,acc_000264,,True
fct_000264_4,acc_000264,,True
fct_000266_1,acc_000266,stale,False
fct_000267_1,acc_000267,stale,False
fct_000268_1,acc_000268,,True
fct_000268_2,acc_000268,,True
fct_000269_1,acc_000269,,True
fct_000269_2,acc_000269,stale,False
fct_000271_1,acc_000271,,True
fct_000271_2,acc_000271,,True
fct_000271_3,acc_000271,,True
fct_000271_4,acc_000271,,True
fct_000272_1,acc_000272,,True
fct_000273_1,acc_000273,stale,False
fct_000276_1,acc_000276,,True
fct_000278_1,acc_000278,,True
fct_000278_2,acc_000278,,True
fct_000279_1,acc_000279,,True
fct_000279_2,acc_000279,,True
fct_000282_1,acc_000282,,True
fct_000282_2,acc_000282,,True
fct_000285_1,acc_000285,stale,False
fct_000286_1,acc_000286,,True
fct_000286_2,acc_000286,,True
fct_000286_3,acc_000286,,True
fct_000286_4,acc_000286,,True
fct_000287_1,acc_000287,,True
fct_000290_1,acc_000290,,True
fct_000290_2,acc_000290,,True
fct_000291_1,acc_000291,,True
fct_000292_1,acc_000292,stale,False
fct_000292_2,acc_000292,stale,False
fct_000292_3,acc_000292,,True
fct_000292_4,acc_000292,,True
fct_000292_5,acc_000292,,True
fct_000293_1,acc_000293,unverified_hypothesis,False
fct_000293_2,acc_000293,unverified_hypothesis,False
fct_000293_3,acc_000293,,True
fct_000293_4,acc_000293,,True
fct_000295_1,acc_000295,stale,False
fct_000295_2,acc_000295,stale,False
fct_000295_3,acc_000295,,True
fct_000295_4,acc_000295,unverified_hypothesis,False
fct_000295_5,acc_000295,,True
fct_000296_1,acc_000296,,True
fct_000296_2,acc_000296,stale,False
fct_000296_3,acc_000296,stale,False
fct_000297_1,acc_000297,,True
fct_000298_1,acc_000298,,True
fct_000298_2,acc_000298,stale,False
fct_000298_3,acc_000298,stale,False
fct_000299_1,acc_000299,unverified_hypothesis,False
fct_000299_2,acc_000299,,True
fct_000301_1,acc_000301,,True
fct_000301_2,acc_000301,,True
fct_000301_3,acc_000301,,True
fct_000303_1,acc_000303,,True
fct_000303_2,acc_000303,,True
fct_000303_3,acc_000303,unverified_hypothesis,False
fct_000304_1,acc_000304,stale,False
fct_000304_2,acc_000304,,True
fct_000304_3,acc_000304,,True
fct_000305_1,acc_000305,,True
fct_000305_2,acc_000305,,True
fct_000305_3,acc_000305,,True
fct_000305_4,acc_000305,,True
fct_000305_5,acc_000305,unverified_hypothesis,False
fct_000306_1,acc_000306,,True
fct_000307_1,acc_000307,stale,False
fct_000307_2,acc_000307,,True
fct_000307_3,acc_000307,,True
fct_000308_1,acc_000308,,True
fct_000308_2,acc_000308,,True
fct_000310_1,acc_000310,,True
fct_000310_2,acc_000310,,True
fct_000311_1,acc_000311,stale,False
fct_000312_1,acc_000312,stale,False
fct_000312_2,acc_000312,,True
fct_000313_1,acc_000313,unverified_hypothesis,False
fct_000313_2,acc_000313,,True
fct_000313_3,acc_000313,,True
fct_000313_4,acc_000313,,True
fct_000314_1,acc_000314,,True
fct_000314_2,acc_000314,,True
fct_000314_3,acc_000314,,True
fct_000314_4,acc_000314,,True
fct_000314_5,acc_000314,,True
fct_000315_1,acc_000315,stale,False
fct_000316_1,acc_000316,,True
fct_000317_1,acc_000317,stale,False
fct_000317_2,acc_000317,,True
fct_000317_3,acc_000317,,True
fct_000318_1,acc_000318,,True
fct_000320_1,acc_000320,,True
fct_000320_2,acc_000320,,True
fct_000324_1,acc_000324,,True
fct_000324_2,acc_000324,,True
fct_000324_3,acc_000324,,True
fct_000324_4,acc_000324,,True
fct_000325_1,acc_000325,,True
fct_000325_2,acc_000325,contradicts_firmographics,False
fct_000325_3,acc_000325,,True
fct_000325_4,acc_000325,,True
fct_000328_1,acc_000328,stale,False
fct_000329_1,acc_000329,,True
fct_000330_1,acc_000330,,True
fct_000330_2,acc_000330,,True
fct_000333_1,acc_000333,unverified_hypothesis,False
fct_000333_2,acc_000333,,True
fct_000334_1,acc_000334,stale,False
fct_000334_2,acc_000334,,True
fct_000334_3,acc_000334,,True
fct_000334_4,acc_000334,,True
fct_000335_1,acc_000335,stale,False
fct_000336_1,acc_000336,,True
fct_000337_1,acc_000337,unverified_hypothesis,False
fct_000337_2,acc_000337,,True
fct_000338_1,acc_000338,,True
fct_000340_1,acc_000340,unverified_hypothesis,False
fct_000340_2,acc_000340,,True
fct_000341_1,acc_000341,,True
fct_000341_2,acc_000341,,True
fct_000342_1,acc_000342,,True
fct_000342_2,acc_000342,,True
fct_000343_1,acc_000343,stale,False
fct_000343_2,acc_000343,stale,False
fct_000344_1,acc_000344,,True
fct_000345_1,acc_000345,stale,False
fct_000345_2,acc_000345,stale,False
fct_000346_1,acc_000346,,True
fct_000347_1,acc_000347,,True
fct_000347_2,acc_000347,name_collision,False
fct_000348_1,acc_000348,,True
fct_000348_2,acc_000348,,True
fct_000349_1,acc_000349,,True
fct_000349_2,acc_000349,stale,False
fct_000352_1,acc_000352,,True
fct_000352_2,acc_000352,stale,False
fct_000352_3,acc_000352,stale,False
fct_000353_1,acc_000353,stale,False
fct_000353_2,acc_000353,,True
fct_000356_1,acc_000356,,True
fct_000356_2,acc_000356,,True
fct_000356_3,acc_000356,,True
fct_000356_4,acc_000356,stale,False
fct_000357_1,acc_000357,stale,False
fct_000358_1,acc_000358,stale,False
fct_000358_2,acc_000358,,True
fct_000359_1,acc_000359,stale,False
fct_000361_1,acc_000361,stale,False
fct_000361_2,acc_000361,,True
fct_000362_1,acc_000362,stale,False
fct_000362_2,acc_000362,,True
fct_000362_3,acc_000362,,True
fct_000364_1,acc_000364,,True
fct_000364_2,acc_000364,,True
fct_000365_1,acc_000365,,True
fct_000365_2,acc_000365,,True
fct_000365_3,acc_000365,unverified_hypothesis,False
fct_000365_4,acc_000365,stale,False
fct_000367_1,acc_000367,,True
fct_000367_2,acc_000367,stale,False
fct_000367_3,acc_000367,,True
fct_000368_1,acc_000368,stale,False
fct_000368_2,acc_000368,unverified_hypothesis,False
fct_000369_1,acc_000369,,True
fct_000369_2,acc_000369,,True
fct_000369_3,acc_000369,,True
fct_000370_1,acc_000370,,True
fct_000371_1,acc_000371,unverified_hypothesis,False
fct_000372_1,acc_000372,,True
fct_000373_1,acc_000373,stale,False
fct_000374_1,acc_000374,,True
fct_000374_2,acc_000374,,True
fct_000374_3,acc_000374,,True
fct_000375_1,acc_000375,,True
fct_000376_1,acc_000376,,True
fct_000376_2,acc_000376,,True
fct_000377_1,acc_000377,,True
fct_000377_2,acc_000377,,True
fct_000377_3,acc_000377,,True
fct_000379_1,acc_000379,,True
fct_000380_1,acc_000380,,True
fct_000381_1,acc_000381,,True
fct_000381_2,acc_000381,,True
fct_000381_3,acc_000381,unverified_hypothesis,False
fct_000381_4,acc_000381,stale,False
fct_000382_1,acc_000382,,True
fct_000383_1,acc_000383,,True
fct_000384_1,acc_000384,stale,False
fct_000387_1,acc_000387,stale,False
fct_000387_2,acc_000387,,True
fct_000387_3,acc_000387,stale,False
fct_000391_1,acc_000391,,True
fct_000392_1,acc_000392,,True
fct_000393_1,acc_000393,,True
fct_000394_1,acc_000394,unverified_hypothesis,False
fct_000396_1,acc_000396,,True
fct_000396_2,acc_000396,,True
fct_000396_3,acc_000396,,True
fct_000396_4,acc_000396,,True
fct_000396_5,acc_000396,unverified_hypothesis,False
fct_000397_1,acc_000397,,True
fct_000398_1,acc_000398,,True
fct_000399_1,acc_000399,name_collision,False
fct_000399_2,acc_000399,,True
fct_000399_3,acc_000399,stale,False
fct_000400_1,acc_000400,stale,False
fct_000402_1,acc_000402,,True
fct_000402_2,acc_000402,,True
fct_000405_1,acc_000405,stale,False
fct_000405_2,acc_000405,unverified_hypothesis,False
fct_000405_3,acc_000405,stale,False
fct_000405_4,acc_000405,contradicts_firmographics,False
fct_000406_1,acc_000406,,True
fct_000406_2,acc_000406,name_collision,False
fct_000407_1,acc_000407,,True
fct_000409_1,acc_000409,,True
fct_000410_1,acc_000410,,True
fct_000410_2,acc_000410,,True
fct_000411_1,acc_000411,,True
fct_000411_2,acc_000411,stale,False
fct_000411_3,acc_000411,,True
fct_000411_4,acc_000411,,True
fct_000412_1,acc_000412,stale,False
fct_000413_1,acc_000413,,True
fct_000414_1,acc_000414,,True
fct_000415_1,acc_000415,,True
fct_000415_2,acc_000415,stale,False
fct_000415_3,acc_000415,,True
fct_000415_4,acc_000415,,True
fct_000416_1,acc_000416,,True
fct_000416_2,acc_000416,stale,False
fct_000416_3,acc_000416,contradicts_firmographics,False
fct_000417_1,acc_000417,contradicts_firmographics,False
fct_000418_1,acc_000418,,True
fct_000418_2,acc_000418,,True
fct_000418_3,acc_000418,,True
fct_000419_1,acc_000419,,True
fct_000419_2,acc_000419,unverified_hypothesis,False
fct_000419_3,acc_000419,,True
fct_000421_1,acc_000421,,True
fct_000422_1,acc_000422,,True
fct_000423_1,acc_000423,stale,False
fct_000423_2,acc_000423,unverified_hypothesis,False
fct_000423_3,acc_000423,,True
fct_000424_1,acc_000424,,True
fct_000424_2,acc_000424,,True
fct_000424_3,acc_000424,stale,False
fct_000425_1,acc_000425,unverified_hypothesis,False
fct_000425_2,acc_000425,,True
fct_000425_3,acc_000425,,True
fct_000425_4,acc_000425,unverified_hypothesis,False
fct_000425_5,acc_000425,,True
fct_000426_1,acc_000426,contradicts_firmographics,False
fct_000426_2,acc_000426,,True
fct_000428_1,acc_000428,,True
fct_000428_2,acc_000428,,True
fct_000429_1,acc_000429,,True
fct_000429_2,acc_000429,stale,False
fct_000433_1,acc_000433,,True
fct_000433_2,acc_000433,stale,False
fct_000435_1,acc_000435,stale,False
fct_000438_1,acc_000438,,True
fct_000438_2,acc_000438,,True
fct_000438_3,acc_000438,,True
fct_000438_4,acc_000438,,True
fct_000438_5,acc_000438,stale,False
fct_000439_1,acc_000439,,True
fct_000439_2,acc_000439,name_collision,False
fct_000439_3,acc_000439,,True
fct_000440_1,acc_000440,contradicts_firmographics,False
fct_000440_2,acc_000440,,True
fct_000440_3,acc_000440,,True
fct_000442_1,acc_000442,,True
fct_000442_2,acc_000442,,True
fct_000442_3,acc_000442,,True
fct_000442_4,acc_000442,,True
fct_000445_1,acc_000445,unverified_hypothesis,False
fct_000446_1,acc_000446,,True
fct_000446_2,acc_000446,unverified_hypothesis,False
fct_000446_3,acc_000446,,True
fct_000447_1,acc_000447,,True
fct_000447_2,acc_000447,,True
fct_000447_3,acc_000447,,True
fct_000448_1,acc_000448,contradicts_firmographics,False
fct_000449_1,acc_000449,,True
fct_000449_2,acc_000449,,True
fct_000450_1,acc_000450,,True
fct_000450_2,acc_000450,,True
fct_000450_3,acc_000450,,True
fct_000450_4,acc_000450,,True
fct_000451_1,acc_000451,unverified_hypothesis,False
fct_000451_2,acc_000451,stale,False
fct_000451_3,acc_000451,,True
fct_000452_1,acc_000452,stale,False
fct_000453_1,acc_000453,stale,False
fct_000453_2,acc_000453,,True
fct_000453_3,acc_000453,stale,False
fct_000454_1,acc_000454,,True
fct_000455_1,acc_000455,,True
fct_000457_1,acc_000457,,True
fct_000457_2,acc_000457,,True
fct_000457_3,acc_000457,,True
fct_000458_1,acc_000458,stale,False
fct_000458_2,acc_000458,,True
fct_000458_3,acc_000458,,True
fct_000458_4,acc_000458,stale,False
fct_000462_1,acc_000462,,True
fct_000462_2,acc_000462,stale,False
fct_000462_3,acc_000462,,True
fct_000462_4,acc_000462,stale,False
fct_000463_1,acc_000463,,True
fct_000467_1,acc_000467,,True
fct_000468_1,acc_000468,,True
fct_000468_2,acc_000468,name_collision,False
fct_000468_3,acc_000468,,True
fct_000468_4,acc_000468,,True
fct_000469_1,acc_000469,stale,False
fct_000470_1,acc_000470,stale,False
fct_000470_2,acc_000470,,True
fct_000470_3,acc_000470,,True
fct_000471_1,acc_000471,stale,False
fct_000471_2,acc_000471,unverified_hypothesis,False
fct_000472_1,acc_000472,unverified_hypothesis,False
fct_000473_1,acc_000473,stale,False
fct_000473_2,acc_000473,,True
fct_000473_3,acc_000473,,True
fct_000473_4,acc_000473,stale,False
fct_000474_1,acc_000474,stale,False
fct_000474_2,acc_000474,,True
fct_000474_3,acc_000474,,True
fct_000474_4,acc_000474,stale,False
fct_000475_1,acc_000475,unverified_hypothesis,False
fct_000476_1,acc_000476,,True
fct_000478_1,acc_000478,,True
fct_000478_2,acc_000478,,True
fct_000478_3,acc_000478,,True
fct_000478_4,acc_000478,,True
fct_000479_1,acc_000479,,True
fct_000479_2,acc_000479,,True
fct_000481_1,acc_000481,,True
fct_000481_2,acc_000481,,True
fct_000481_3,acc_000481,stale,False
fct_000481_4,acc_000481,,True
fct_000482_1,acc_000482,,True
fct_000482_2,acc_000482,,True
fct_000483_1,acc_000483,,True
fct_000484_1,acc_000484,unverified_hypothesis,False
fct_000484_2,acc_000484,,True
fct_000485_1,acc_000485,,True
fct_000485_2,acc_000485,stale,False
fct_000486_1,acc_000486,,True
fct_000486_2,acc_000486,,True
fct_000488_1,acc_000488,,True
fct_000488_2,acc_000488,,True
fct_000489_1,acc_000489,,True
fct_000489_2,acc_000489,,True
fct_000489_3,acc_000489,,True
fct_000489_4,acc_000489,,True
fct_000489_5,acc_000489,stale,False
fct_000490_1,acc_000490,unverified_hypothesis,False
fct_000491_1,acc_000491,,True
fct_000491_2,acc_000491,name_collision,False
fct_000492_1,acc_000492,,True
fct_000492_2,acc_000492,stale,False
fct_000492_3,acc_000492,,True
fct_000492_4,acc_000492,unverified_hypothesis,False
fct_000492_5,acc_000492,,True
fct_000493_1,acc_000493,,True
fct_000495_1,acc_000495,,True
fct_000495_2,acc_000495,stale,False
fct_000498_1,acc_000498,,True
fct_000498_2,acc_000498,,True
fct_000498_3,acc_000498,,True
fct_000499_1,acc_000499,,True
fct_000499_2,acc_000499,stale,False
fct_000500_1,acc_000500,,True
fct_000500_2,acc_000500,,True
fct_000061_1,acc_000061,stale,False
fct_000130_1,acc_000130,,True
fct_000241_1,acc_000241,unverified_hypothesis,False
fct_000241_2,acc_000241,stale,False
fct_000323_1,acc_000323,stale,False
fct_000331_1,acc_000331,,True
fct_000363_1,acc_000363,stale,False
fct_000363_2,acc_000363,,True
fct_000466_1,acc_000466,,True
fct_000466_2,acc_000466,,True
